-- ============================================
-- SafeKeyS Database Export for PostgreSQL
-- Export Date: 2025-11-03T02:16:45.265Z
-- ============================================

-- Disable foreign key checks temporarily
SET session_replication_role = replica;

-- ============================================
-- SCHEMA: CREATE TABLES
-- ============================================

-- Table: users
DROP TABLE IF EXISTS users CASCADE;
CREATE TABLE users (
  id SERIAL PRIMARY KEY,
  email TEXT UNIQUE NOT NULL,
  password_hash TEXT,
  name TEXT NOT NULL,
  role TEXT NOT NULL DEFAULT 'customer',
  google_id TEXT UNIQUE,
  avatar TEXT,
  phone TEXT,
  address TEXT,
  created_at TIMESTAMP DEFAULT CURRENT_TIMESTAMP,
  updated_at TIMESTAMP DEFAULT CURRENT_TIMESTAMP
);

-- Table: categories
DROP TABLE IF EXISTS categories CASCADE;
CREATE TABLE categories (
  id SERIAL PRIMARY KEY,
  name TEXT NOT NULL,
  slug TEXT UNIQUE NOT NULL
);

-- Table: products
DROP TABLE IF EXISTS products CASCADE;
CREATE TABLE products (
  id SERIAL PRIMARY KEY,
  title TEXT NOT NULL,
  slug TEXT UNIQUE NOT NULL,
  description TEXT,
  price_cents INTEGER NOT NULL,
  image TEXT,
  category_id INTEGER,
  active INTEGER NOT NULL DEFAULT 1,
  stock INTEGER NOT NULL DEFAULT 100,
  featured INTEGER NOT NULL DEFAULT 0,
  FOREIGN KEY (category_id) REFERENCES categories(id) ON DELETE SET NULL
);

-- Table: orders
DROP TABLE IF EXISTS orders CASCADE;
CREATE TABLE orders (
  id SERIAL PRIMARY KEY,
  user_id INTEGER,
  total_cents INTEGER NOT NULL,
  status TEXT NOT NULL DEFAULT 'pending',
  created_at TIMESTAMP DEFAULT CURRENT_TIMESTAMP,
  FOREIGN KEY (user_id) REFERENCES users(id) ON DELETE SET NULL
);

-- Table: order_items
DROP TABLE IF EXISTS order_items CASCADE;
CREATE TABLE order_items (
  id SERIAL PRIMARY KEY,
  order_id INTEGER NOT NULL,
  product_id INTEGER NOT NULL,
  quantity INTEGER NOT NULL,
  price_cents INTEGER NOT NULL,
  FOREIGN KEY (order_id) REFERENCES orders(id) ON DELETE CASCADE,
  FOREIGN KEY (product_id) REFERENCES products(id) ON DELETE CASCADE
);

-- Table: wishlist
DROP TABLE IF EXISTS wishlist CASCADE;
CREATE TABLE wishlist (
  id SERIAL PRIMARY KEY,
  user_id INTEGER NOT NULL,
  product_id INTEGER NOT NULL,
  created_at TIMESTAMP DEFAULT CURRENT_TIMESTAMP,
  FOREIGN KEY (user_id) REFERENCES users(id) ON DELETE CASCADE,
  FOREIGN KEY (product_id) REFERENCES products(id) ON DELETE CASCADE,
  UNIQUE(user_id, product_id)
);

-- Table: settings
DROP TABLE IF EXISTS settings CASCADE;
CREATE TABLE settings (
  key TEXT PRIMARY KEY,
  value TEXT
);

-- Table: news
DROP TABLE IF EXISTS news CASCADE;
CREATE TABLE news (
  id SERIAL PRIMARY KEY,
  title TEXT NOT NULL,
  slug TEXT UNIQUE NOT NULL,
  content TEXT NOT NULL,
  published INTEGER NOT NULL DEFAULT 1,
  created_at TIMESTAMP DEFAULT CURRENT_TIMESTAMP,
  updated_at TIMESTAMP,
  author TEXT,
  thumbnail TEXT
);

-- Table: sessions
DROP TABLE IF EXISTS sessions CASCADE;
CREATE TABLE sessions (
  sid TEXT NOT NULL PRIMARY KEY,
  sess JSONB NOT NULL,
  expire TIMESTAMP NOT NULL
);

-- ============================================
-- INDEXES
-- ============================================

CREATE INDEX IF NOT EXISTS idx_products_category ON products(category_id);
CREATE INDEX IF NOT EXISTS idx_products_active ON products(active);
CREATE INDEX IF NOT EXISTS idx_products_slug ON products(slug);
CREATE INDEX IF NOT EXISTS idx_products_featured ON products(featured) WHERE featured = 1;
CREATE INDEX IF NOT EXISTS idx_orders_user ON orders(user_id);
CREATE INDEX IF NOT EXISTS idx_orders_status ON orders(status);
CREATE INDEX IF NOT EXISTS idx_order_items_order ON order_items(order_id);
CREATE INDEX IF NOT EXISTS idx_order_items_product ON order_items(product_id);
CREATE INDEX IF NOT EXISTS idx_wishlist_user ON wishlist(user_id);
CREATE INDEX IF NOT EXISTS idx_wishlist_product ON wishlist(product_id);
CREATE INDEX IF NOT EXISTS idx_categories_slug ON categories(slug);
CREATE INDEX IF NOT EXISTS idx_users_google_id ON users(google_id) WHERE google_id IS NOT NULL;


-- ============================================
-- DATA: INSERT RECORDS
-- ============================================

-- Table: categories (3 rows)
INSERT INTO categories (id, name, slug) VALUES (1, 'Game Keys', 'game-keys');
INSERT INTO categories (id, name, slug) VALUES (2, 'Software Keys', 'software-keys');
INSERT INTO categories (id, name, slug) VALUES (4, 'TEST', 'test');

-- Table: news (1 rows)
INSERT INTO news (id, title, slug, content, published, created_at, updated_at, author, thumbnail) VALUES (2, 'test', 'test', 'test', 1, '2025-09-25 11:20:09', '2025-09-25 11:26:19', 'tôi', 'data:image/jpeg;base64,/9j/4AAQSkZJRgABAQAAAQABAAD/2wCEAAkGBw8OEg8NDxAPDQ8PEA0QEBAPEA8ODw8OFREWFhURFRUYHiggGBolGxUVIzEhJTU3Li4uFx81RDMtNygtLisBCgoKDg0OFxAQGy0lICUtLS0rLS0uLSstLS8uLisvLSstLS4rLS0tLS0tLS0tLSstLS0tLS0tLS0tKy0tKy0tLf/AABEIAKIBNwMBEQACEQEDEQH/xAAbAAEBAAIDAQAAAAAAAAAAAAAAAQIGAwUHBP/EAEcQAAEDAgIFBQsICgIDAAAAAAEAAgMEEQUSBhMhMUEHIlFhcRQXMjRzgZGTsrPSI1JTVHJ0odEVJDM1QmKjscHDQ/BEkuP/xAAbAQEBAAMBAQEAAAAAAAAAAAAAAQIDBAUGB//EAEARAQABAwECCAsHBAEFAQAAAAABAgMRBBIhBTEzQVFhcYEGExQWMpGhscHh8BUiUmJj0eI0crLSQjWCksLxI//aAAwDAQACEQMRAD8A9iXQ0IUQQEEVBEEVEQQFUCgiAgiCIBVERAoCCKoIIgFBFQKIiCICqCCFBEAqoIIUBFREFQQEHYLndCFEEBBFQRBBEBAVQQRAQRBEAqgiIUBBFQREQCgioFERAKCKoFBlq1jtMsGr61dowjo0ykwwWSIUQRRERUEBB9mt6lp2W7aTWdSbKbS6zqTZNo1nUmyu0awJiTahQ4dKmDMKioiCAqggiAghQRAKoIiFAQRVBBEAoIqBREQCgiqBQcy1tgqI7cewokuBbGtEUQERFQQEH0rU2oqggICIiAgoeVMQuZZCRTZXaZA3RVUEVQKCFBEAqgiIUBBFUEEQEEVAoIiBQRVAoOZa2xQgyKDjKqOArYwRAREVBAQfStTaioIggIiICAgioIjISHtUwuZZhwKxwyiVKKhREQCqCIhQEEVQQRAQRUCgiIFBFUCgucqYhcsmPN1JhYlmSphkhRHAVsYIgIiKggIPpWptQqgiCAiIgICBZAypkwZUyYTKmTChxHWmDLMG6xZKghVBBCiCCWQXKmQypkwhCuUYqggiIFBFUCgiACistYVMGU1hV2YTLAqggIiKggIPpWptQqgiCAiIgICDCoeWMkeLEsY9wB3EhpP+EjfMQc2Xn45RKn6CD+p+a7/IqemXnxrqvwwy74lT9BB6ZPzTyGnplfLqvwwnfDqPoIP6n5p5FT0yeXVfhht+jGJvradtQ9rWOL5G2Ze1mm3Fcl6iLdezDrsXJuUbUvixrS+no5dQWySvbbPq8tmXF7XJFzbgtlvTVXKctd3U0W6tnjd5h9dHURsmjOZjxcHdxsQRwIII8y566JonEuiiuK6Yqh9BCxZJZULIiWQdLpbjT6CKOWNjJC+URkPzWAyOdfYf5VusWou1TEy06i7NqmJiOdq3fEqfoKf+p+a6vIaemXL5dV+GDviVP0FP/U/NPIaemTy6r8MDeUKoJA1EG0gf8n5p5FT0yeXVTzQ9Dc1efEvQmGB2bTsA3k7gqjpG6Q62Uw0tPLVBux0wIihB+04bf+2ut3icU5qnHVztHjs1bNMTPXzO7aDYXAB4gHMAe2wutOW/BlVyYTKmUwFqZMMSFREQVREURBBFQQEGWY9JUwuZMx6SmDKZj0piDMrnKYhcyusKmyZUSBNkyyDgphVUHFXn5GfyU3sFKfSjtJ9GXn/JrQQVD6gTRRzhrIS0SNa8NJc69r7l6GtrqoinZnHG87Q0UVzVtRE8TVsQaGyTACwbJMABsAAebALro3xHc5K901dsvQNLMJpYsP10cEMcmWlOdsbWv2uZfb13K87T3K6r2Jmcb3pam1bps5iIzufVoFUMjoBK9waxj53Ocdwbm3rDVxM3sR1MtHVEWcz1tU0mpKeaofPT1lM5sxDnB73sLHWAP8JuOK67FVVNEU1Uzucl+iiquaqao39betFKaKKliZFK2doL7yNuGukLiXAX4Am3mXDfqmbkzVGHfYppptxFM5cGJaX01JK+nkbMXMy3LGtLec0OFiXDgVlRpq66dqMMa9VRRVszlyUGl9HMyaW8kTIAwvMrQL57hrWgEknmnYsa9NcpmI48sqNTbqiZ6HSy8o0eazaV7mfOdI1r7fZAI/Fb40M431NE66M7qdzacGxaGtj10JNr5XNcLPY75pC5bluq3Vs1Oq3cpuU7VLXOVA/q8H3ge6eunQ+nPZ8Yc2u9Cnt+Euunw6nGDNqRDFrrR/KhjdZtqQ087fu2LZTXV5Ts53dHc11W6PJdrEZ3b+90mhdNHNWQRysbIx2tux4Dmm0biLg9a36mqabUzDn01MVXYiYy7DlBo4aepgZDHHC0xNcWxtawF2tcL2HGwC1aOqqqiqapzv8Ag26yiiiumKYx/wDWx6R6Z9xTupu5xLlax2fXZL5m3tbIVz2dL4yjazju+bpv6rxdezs57/kmjumPds7afucRXa92bXZ/BF7WyBL2m8XTtZz3fNLOq8ZXs7OO/wCTLSPTDuKY0/c+usxj82tyeFfZbKehLOl8ZTtZx3Le1Xi69nGe/wCTr4uUJjxI18Go+SkLHCQyky25rLBgtc8eFlsnRTGMTn67WuNdE5zGPb8GXJ7T1MhkrKiWZ8ZYWR62R7g83BdJZx3C1r9Z6FNXVRGKKYjJo6a5zXVM4+t7HHdPAxxjo2NksbGaS5YT/I0WuOs+hW1o8xmv1F3WYnFEd7q6TT2ra4GVsUzP4mhurdb+Ug29IW2rR0TG7MNNOsrifvYl6FTzsmYyZm1kjGvbfYcrhcXXBMTTMxPM9GJiqImOdUQVQRURBFRVBAQVRRBFUEUQEBEUOIUwZZiQbiPyWM0soqctMxjdrWtbf5oAv6FhVnnZ045niGJftZ/Kz+25e7R6NPZDwbnHV2z73tVO0GKIEBw1cWwgEeCF4c+lL3f+MOOsomTRSUx5jJWuacgAIB3kbLXWVNU01RV0MaqYqpmnpeUaUYUyjqHU8bnvaGRuu/Lmu4XO4BerYuTco2peTftRbr2Yb/yfeIx+Un9srg1fKz3PQ0nIx3+91On2AxhkuIZ5NY50DcnN1duazovuHStulvTmLeN29p1dmMTczv3fs1PAMGlrpNTGQ0AZ5HuvlY3cCRxO02Hb1rru3abdO1LktWqrtWzDstK9Ff0eyKUTa5sjiw3ZkLXZSdm03FgVq0+p8bMxjDbqNN4qInOXY8l0h1tSz+ExMcR1tfYe0Vr10fdpnrbdBP3qo6noEjGu2Oa1w6HAEX868+HoS6PTsAYfOAAADT2AAAHy7Fv0vLR3+5o1fIz3e+Gi6BePQdk3unLv1fJT3e9waTlY73q0sbHG7mtcelzQT+K8mMvWlqvKDhsHc8tXqxr80DdZd18uYNta9ty6tJXVtxRndvcmsop8XNeN+5rPJ346zyc/srq1nJT2w5dHyvdLbdOsKp3U9RVmMGdrIg2S7rgaxo3XtuJXHpblUV0053O3VW6ZoqrxvaryeUMM9RIJo2ShkOZoeMzQ7O0XtuO9desrqpojZnG9yaOimqudqM7m28oNaYKMsZzTM9kOzZZli5w7LNt51yaSjauZnm3uvWV7NrEc+557o1hQraiOnLixpDnOI8LK0XIHWV6N+54uiannWLfjK4pbHpbom8PhbQ0142xkPLXNuX5jtcXG5NrLm0+pjE+Mne6dRppzHi6W24HA+KmpopBleyKNrm7DZwG0bFy3Jia6pjpdVqJpt0xPQ+tYshUEEQEEVQQEFUUQRVBFEBAQEREHNBvWFTOl4niX7Sfys/tuXtUejT2Q8O5x1ds+97XS/sovJR+wF4k+lL3eaGbElIeYcofjr/JweyvS0fJR3vM1nK90Nw5P/EY/KT+2VyavlZ7nZpORjv8AenKD4jJ5SD2wmk5WO81fIz3e90vJZ4VZ9mn/ALyLdruKnv8Ag0aDjr7vi+7lQ8Xg+8f6nrDQ+nPZ8WzX+hT2/CXV8l37eo8gPeNWzXejT2tWg9KrsehuXBD0JdFp54hUdtP79i3aXlqe/wB0tGr5Gru98NF0C8eg7JvdOXfquSlw6TlY73q7l5UPVlr3KB4jL9uD3gW/ScrHf7nPq+Rnu97TuTvx2Pyc/srs1nJT3OPRcrHZLe9Nx+o1X2Y/esXBpuVp+uZ6Gq5KpqPJh4xN5A+8auzXehHa49D6c9jtOVG+ppujXP8ATqzb/K1aH0quxt1/o09vwa9yeeOs8nP7K6NZyXfDm0fK90vUHrzYepLjKyYsUQVQRUQEEVQQEFUUQRVBFEBAQEQARXxYjpBTUTmsnc5rnNzjKxz+bcjh2K02a7kZpY1XqLcxFTySseHvlc3c98rhw2FxI/uvWp3RDx698zjreoYZpZRyaina95kcIowDG8DPYC17dK8uvTXIzVMbnq0am3OKYnf2O3xHEYqWPXzEtYHNbcNLjc7tgWmmiqudmluqrpojaqeW6YYjFVVLp4SXRlkTQS0tNw2x2Fepp6KqKNmp5WpuU3Lm1TxNm0J0ipYYIqSRzhM6V4ADHkXfJzecNnELm1Niuqua44sOrS36KaIonjz75c3KDjMBiloQ52va+AluR2W1w/wt24rHSWqtqK+bey1l2jZm3z7nR6B41T0bqgzuc3WiEMysc+5aX33bvCC6NVaquRTs82XPpLtFuatrnx8Xf8qI/V4PvH+p65tD6c9nxdGv9Cnt+Etb0GxiCillkncWtfEGAta5/Ozg8OxdOqtVXKYinpc2lu026pmp6pa68rL1sNJ0x0lpJqaopI3vM2djbGN4F2TNLuda38JXdprFdNdNc8XycOp1Fuq3VRE7/wBpanopXx0tVFPKS2NmszENLjtjcBsHWQuvUUTXbmmnjcenrii5FVXE9PwnHaatLxTuc4xhpdmY5lg69t/YV5ddmu3jaerbvUXM7PM+PTuFz6GfKL5TE8/ZbI0uPmFz5lnpZiLsNeqiZszjq97zTBMUfRzMqGBri3MC117Oa4WIuNy9O7bi5TNMvMtXJt1RVDstINKKnEG6ssEULOe5keZ17EAOe48ASOq5HUtdnT0Wpzztt7U13oxjEODRbHRh8kkxjModGWWDg23OBvuPQrfs+NiIzhjYvxamZmMvRdKsLNdSlrB8oMk0Q6XgeDfrBI84XnWLni7mZ4uKXpai34y3iOPjh5bhWISUczJ2DnxuN2uuLixa5jujZfsXq3KIuUzTPO8m3XNuqKo5m8zcoVPku2CYy28A5AwH7d728y4I0Ved8xh31a2jG6Jy2TD6ttRFHOzwZGh1ug8WnrBuPMtFVM01TTLopqiqmKo53KooqjKw3nioqXHR+Kbzclx0fim83DhxCsEsVUEAuHSmJXMJmHSmJTMLmHSmDJdRRUEBACDp8a0ppqGQQzNmc5zA8GNrHNykkcXDbzSuS9qabc4l6ui4Jvaq3NyiYxnG/P7S1vFcToMVljI7uY5jMlmRwZbZibkl3Wt2j10zOxRTnn38zTwlwHVYt+OvVxERuiImczPRH3XWVejxbdzc+XhmLSbdoAXrU34njfNV2pjiTDZqCmkimlNaJYpGvLGtgkjJabjnXabHsXNrdRXZozMZpndmOZ6XBOgp1tzZoriK434nn7MRv97vMd0ww6tiMDxWRgua7MyOEm7eG168m1wjTbq2oh9Dd8GtRcp2Zqp9c/6tczYT9JiPqqb4l0/bUfh+vW5vNG/+OPX/ABc0EmGQyRvLsSzRvjeGvhp23LXAgEZr8FKuGMxMbP16yjwTvZiqK6Z7/wCL6cdxHDaqeSokOIRPfkuwQwDLZgaN7r7gsbfC0W6Yp2fr1s7ngreu1TXt07+if4vgD8JG3WYj6qm+JZ/bUfh+vWw80b/449f8WwaR6V4diDGRPFbHkkzgsihJJylttr+tc9nhGm1OYh0X/BrUXacTVTHfP+rX3foobDJiIPEGGmB9pdH21H4fr1ubzRvT/wA49f8AFurOUihH/HVeri+NcM6yjol6H2Bqemn1z+zT6mowmR8khkxEGR73kCKmsC5xNhzutdtPDOIiNn69bhq8Er0zM7cev+LAjCrB2fE8p2A6mnyk9AOZX7a/L9etj5pXs4249f8AF2+jekeGYeZSzu6XWhgOeKAWyk2tZ/8AMtF7hOLuMxxOix4MX7WcVUznrn/V3buUbDyCDFUkEEEGOIgg7wRnWjyyjrb/ADf1PTT65/ZqlY/B3HWNbiUDHHY0RwFnY0udf8SuynhmYjfGfrtcVXgncqndXTHVn+LtKbHMGhgfT9zVuScNzvcxgklDXAjn5xsuBsGxaquE5mqKpzu4uhuo8GLkUzRE09e+c+58ZrsA+r13/t/9Fn9r1fUQx806/wAv/lV+zY4+UWhGVrYqs2s0ARxk9AHhrl8so6JdP2BqY/5U+uf2dRjmJYXVkyvpsRhkO10kcLG5utwLiD27+tdFrhSbcYiJx1uW74NV3JztUZ6qvk6qiqMFjOaQYhP/ACubCxvnyuBPpWyrhmZ4ox9drGnwSuxO+qJ75/1b5ozjdJVtfHSRPhZAGXa5jI287NawaT80rC1qIvTM7+9q1nBtzRRTtYxOcY6u6Ol2xXQ86UVGTtw86kcYwVBBTu86c5zMVUEHCs2KICIIKHFMLlkJFMLtMg4FTC5ZsWMrDzXlQ8bj+7R+8kXj63lO59t4P/0s/wB0+6GGg+QFxda5dbzACw/E+ld/B1H/AONVUccz7o+bwfCe9M6u3bniinPfMzmfZDfMVlh1Yy2vbaum3FW08O7NGzueX4zYyEDjfcvSroiuxXTV0S87SXqrWttV0ccVR7+Lv4nTr4p+zq3eO0f3Qet6YUEWITujis2voDBKG8aikcWucB0kG9ug2+cuy5EVziOOHy2hu16a1tVehXmOyr5/XE0nlJ/eNV2U/uGLRe9OXscE/wBJR3++WsrU9F9mC+M0n3ql981ZU+lDVf5Kv+2r3S7DTr94VvlW+6Ysrvpy5+Dv6S12fGXRrW7RBtGI/ufD/vtX/eVbp5KO15tr/qF3+2n/ANWrrS9IQeo00VPU4dhuHT2Y6rjm7mmO0RVUZ5npzEde7iuuIiaKaZ53zVVV21q71+jfFMxtR0xPH7vjzOg09pH09Ng8EoyyRU9Sx43jM0wg26lruxMRTEu/g25Tcu6iunimYn/Jpq0PWdnov45RfeqX3rVlR6Udrn1n9Pc/tn3Nx0txZzX1rG4zICDO0UXcTrXsfkNbu27s3Wt9yqcz97uw8nQ6eJptzOnjm+9te3Hwedrme89A5J//ADOym/2Lv0PHV3PmfCPitf8Ad8G+OXpw+TliqjJ24edSONWCoIKd3nTnOZiqgg4VmxEERBAQEBBkx5CkxlYl0OkeibcQlbPrzDljbHl1efc5xvfMPnLg1Gk8ZVtZe9wdwx5Jam3sZ3548dHU646DTUzHPp59e8WOqLBFm6bOzHb2rp0NMWM01Tun2S4OG9V5fsV004qp6+OOjiji5u9r9bik7TqnsfG/dle0td6CvYotUTviXy9d25H3Zje+zBNDqiszSTE0rCOaXsJe89TCQQOs/iubW3om3Nuid87s9Dv4LtTb1FF+7TmKZzEcWZji7one7Hvat+uH1A+NeB5B+b2Pt/OT9P2/IHJs362fUD408g/N7Dzk/T9vydzUaOTvq24l3Y2Oobk/Z05EZa0WylpkJII2Hb6FnOkqmra2t/Z83JRwtapsTY8Vmnrq3/4vlxjQh1bM+qlq2iSTJmDKfK3mtDRYGQ8AFjXo5qnMz7Pm26fh2mxbi3Rb3R01fJ8Xezb9cPqB8ax8h6/Y3+cf6ft+TkpuTkRvjlbWc6N8cjbwXGZjg4X5+64VjRYnOfYxr8IdqmaZt8cTHpdPc72vwF8+sMhw8vlDg6X9HDW3LbZg8y3zAbj1BZzppnjmPV83Fb4Tpt42YrxHNt7vVstd72bfrh9QPjWvyH83sd/nH+n7fkd7Rv1w+oHxp5D1+w84/wBP2/J2E2g7300NEatuqhkklYRTnOXvzXudZYjnHgrOknZ2c+xpp4bppu1Xot75iI9Ldux1dT4e9k364fUD41j5F1+xu84/0/b8jvZN+uH1A+NPIuv2HnH+n7fk7Ct0LkmhpaZ1YGspM+qcynLZOcQbk6zfcC1rLOdJMxEZ4ur5tFvhqii5Xci3vq4/vbv8XNj+ik2ICDuisaTA17WuZTZXOzZbl/yhBPMG63FWvSzVjNXs+bDTcL29NteLt+l+bozxfd63U97Jv1w+oHxrDyL83sdXnH+n7fk5qHk81EkU7Ky74pGSNzU925muBFxn3XCsaKYnOfYwueEEXKKqJt7pjHpdPc7yqwF0pe54w1z5M2Z5w0GQk73ZjLe/Wtk6aZ6PV83FRwnTRiKdvEc23u/xa33s2/XD6gfGtXkP5vY9Dzk/T9vyd9oto0MO11pjNrdX/Bq8uXN1m/hfgumxp/FZ35eXwlwn5ZsfdxjPPnjx1dTuyup5EoqigjcVMKc3r/BN5uNnX+Cb13I48ArEJLFVBBwrNiIIiCAgICAgXTCuVk3SsZpZRU5hKelYbLLaYOkViEyxLlcJlMyYMmZXAB5CmDLmDrrHDLJmTAZkwZTMmDKZlcGWcb+CxmCJZ3UVLpgLpgS6BdUTMmEyZkwZS6uBCUERBVBFRELIoQegplMIqCDhWbEQQoggICAgIIVQQZMfbYdykwRLkWLMKIiAqqIjKN3BSYWJcpWDJEBVEQAbIOZYMkVBBEQQRUEREBBEBVBFLJkckY2LGWUMlFfOtjWIPm1i24YZTWJgyaxMJlQ8KYXMMlAQEBBCqCCIM43cFJhYlyLFkiIKqiIIjlYbhYTDOFUUVRCgiI5IzwUqZQyUUQREEEVBERAQRAVQRR3Ds/ygrH2UmFiVdJv2JFJNTjWTEQfEtzUICAgXQZCTpUmFyzWKqgioIIgKo5GOusJhnEslAVUURFUZMNipKw5VgyRUQoCAw2KTxJDlKxZiCIggioIiICCIBVQRS6Bs6/SgxKQgqCD4luahAQEAoIiK02TGViXKDdYzDIUBURARAGyK5rrBkIoiIqgUHM03CwlnAghQEEVRzA3WDOBBEQQRUEREAoIgFVBFQoCCFVBAQfEtzUICAgFBEQQUGycauUG6xZCCICIKjOI8FjUyhmsVCgiqCDOI8FjUyhmVFQoCCFVHJGVjLKGSioiCCKgiCCFBEAqoIqFEEVEQVBB8S3NQgICAUERBAVGcfFYyyhmoqICIKis3qTxLDlWDIKpKIggse9SeJYcpWLJCgIIVUZxcVjUsM1GSIggioIiIBQRAKAqIUQRURBUEH//Z');

-- Table: order_items (7 rows)
INSERT INTO order_items (id, order_id, product_id, quantity, price_cents) VALUES (1, 1, 3, 1, 890000);
INSERT INTO order_items (id, order_id, product_id, quantity, price_cents) VALUES (2, 2, 3, 1, 890000);
INSERT INTO order_items (id, order_id, product_id, quantity, price_cents) VALUES (4, 4, 13, 1, 4000000);
INSERT INTO order_items (id, order_id, product_id, quantity, price_cents) VALUES (5, 5, 13, 1, 4000000);
INSERT INTO order_items (id, order_id, product_id, quantity, price_cents) VALUES (6, 6, 10, 2, 399000);
INSERT INTO order_items (id, order_id, product_id, quantity, price_cents) VALUES (10, 8, 10, 1, 399000);
INSERT INTO order_items (id, order_id, product_id, quantity, price_cents) VALUES (11, 8, 11, 1, 690000);

-- Table: orders (6 rows)
INSERT INTO orders (id, user_id, total_cents, created_at, status) VALUES (1, 2, 890000, '2025-09-25 11:10:53', 'cancelled');
INSERT INTO orders (id, user_id, total_cents, created_at, status) VALUES (2, 2, 890000, '2025-09-25 11:11:09', 'cancelled');
INSERT INTO orders (id, user_id, total_cents, created_at, status) VALUES (4, 2, 4000000, '2025-09-26 09:11:58', 'cancelled');
INSERT INTO orders (id, user_id, total_cents, created_at, status) VALUES (5, 2, 4000000, '2025-10-06 03:58:06', 'cancelled');
INSERT INTO orders (id, user_id, total_cents, created_at, status) VALUES (6, 2, 798000, '2025-10-29 14:25:53', 'cancelled');
INSERT INTO orders (id, user_id, total_cents, created_at, status) VALUES (8, 8, 1089000, '2025-11-02 04:19:21', 'cancelled');

-- Table: products (11 rows)
INSERT INTO products (id, title, slug, description, price_cents, image, category_id, active, stock, featured) VALUES (3, 'FIFA 24 (EA FC) Key', 'fifa-24-key', 'Key game EA FC 24.', 890000, '/img/placeholder.jpg', 1, 1, 100, 1);
INSERT INTO products (id, title, slug, description, price_cents, image, category_id, active, stock, featured) VALUES (4, 'Kaspersky Internet Security 1y', 'kaspersky-is-1y', 'Key bản quyền Kaspersky Internet Security 1 năm.', 249000, '/img/placeholder.jpg', 2, 1, 100, 1);
INSERT INTO products (id, title, slug, description, price_cents, image, category_id, active, stock, featured) VALUES (5, 'Office 2021 Professional Plus', 'office-2021-pro-plus', 'Key bản quyền Microsoft Office 2021 Pro Plus.', 590000, '/img/placeholder.jpg', 2, 1, 80, 1);
INSERT INTO products (id, title, slug, description, price_cents, image, category_id, active, stock, featured) VALUES (6, 'Windows 10 Pro Key', 'windows-10-pro-key', 'Key bản quyền Windows 10 Pro.', 290000, '/img/placeholder.jpg', 2, 1, 120, 1);
INSERT INTO products (id, title, slug, description, price_cents, image, category_id, active, stock, featured) VALUES (7, 'Steam Wallet 500K', 'steam-wallet-500k', 'Nạp ví Steam 500.000 VND.', 520000, '/img/placeholder.jpg', NULL, 1, 200, 1);
INSERT INTO products (id, title, slug, description, price_cents, image, category_id, active, stock, featured) VALUES (8, 'Steam Wallet 1000K', 'steam-wallet-1000k', 'Nạp ví Steam 1.000.000 VND.', 1020000, 'https://th.bing.com/th/id/OIP.1Yg4Nnj5PmWNd3MXDfrFsgHaHa?w=182&h=182&c=7&r=0&o=7&dpr=1.3&pid=1.7&rm=3', NULL, 1, 150, 1);
INSERT INTO products (id, title, slug, description, price_cents, image, category_id, active, stock, featured) VALUES (9, 'Google Play Gift Card $10', 'google-play-10', 'Thẻ Google Play trị giá $10.', 260000, 'data:image/jpeg;base64,/9j/4AAQSkZJRgABAQAAAQABAAD/2wCEAAkGBw4PEA8QDRAQDhANFQ8QDw8QDxAQEBAQFRYWFhURGRUYKCggGBomHRcVIzEhKSk3LjouFyAzODMsNygtLi0BCgoKDg0OGxAQGysfICAvLy0rKy0tNS8rLS8tLTIvLjUrLy4vMDItLS0rLy8rKy0tLSstKystKzAtLS0tLSsrLf/AABEIAQgAvwMBEQACEQEDEQH/xAAbAAEAAgMBAQAAAAAAAAAAAAAAAwQBAgYFB//EAEcQAAICAQEEBAcMCQMEAwAAAAECAAMRBAUSITEGE3GRIkFRVGHB0QcWMjM0QlJzgZOywhUXI1OCg5Kx8BShs0NEYnKi0uH/xAAbAQEAAgMBAQAAAAAAAAAAAAAABAUBAgMGB//EADsRAAIBAwAGBggFBAIDAAAAAAABAgMEEQUSITFBUWFxgZHB8AYTFTNSobHRFCIyU+E0QnKyFvEjYsL/2gAMAwEAAhEDEQA/APuMAQBAEAQBAEAQBAEAQBAEAQBAEAQBAEAQBAEAQBAEAQBAEAQBAEAQBAEAQBAEAQBAEAQBAEAQBAEAQBAEAQDy9vbcp0SqbMsz53K1xvHHM8eQ5SRb206z/LwId5e07WKc973I579YKebP94vskl6Okv7is9vQ+B94/WCnmz/eL7Jydm1xM+3YfA+8z+sBPNn+8X2Tk6DXE29uQ+B949/6ebv94vsnJxaHtuHwPvM+/wCTzdvvF9k0bwPbcfgfeZ9/yebt94vsmuuPbcfgfePf6nm7feL7Jj1g9tx+B95n3+J5u/3i+yY9YY9uQ+B949/iebv94vsj1pj27D4H3j39p5u/3i+yPWmPb0PgfeZ9/aebv94vsj1o9vQ+B96Hv7Tzd/vF9ketMe34ftvvRn39J5u/3i+yPW9Bj2/D9t96Hv6TzdvvF9kx63oH/IIftvvQ9/Kebt94vsj1vQP+QQ/bfejPv4TzdvvF9keu6DH/ACGH7b70Pfwnm7feL7Jj13QP+Qw/bfejYdNk/cP/AFrMevXIyvSCH7b70e/sradWpTfqz5GU8GU+QztCaksoubW6p3ENeH8ouzYkCAIAgHzz3SPlFP1X5ml9opf+KXX4HldPP/zR6vE5IDjxOPTx4emTpxKSO8svs+4O9ao1hQ4JrVnBHMMCPERgg+QyFJxaznGSS7eqpOKTeOSz5zwMLo3xYWBr6kBm3wynJOFUDyk/2J8UizS4cTKpTxJtY1d+fl2sgEizgaZNhI0omTInFoG05tGDImDB6mythajUjeQBU5bzkgHy4A5zKg2TbXR1a4WtHCXN+BptXY1+lx1qjdbgrqcqT5PKDEotHK7sattjX3PitxRmhDEGrMzBgzBgzBgzNQbATVsykbqJzlI7Ridd0G4dd2p+aSLR51uw9LoRYjPs8Tr5MLwQBAEA+ee6P8oq+qH4mnoNEe6l1+B5TT/vo9Xied0S2INZcRZnqqgGsxwLZ+CmfFnB+wGdr+49RDZve4i6LsldVfzfpjv8EfTdGMLuivqVrJRF8HBReAYBeQI8XOecnvznOT2NPYsKOqlsXV2Ffamir1I6i6otWylutyo3HHAY8YbiTnGOfZMwk4fmT7DncUYV16uccrnyf3PlG09E2nuspc5NRxnlkc1b7QQZYbJxUlxPGV6To1JU3wK4kacDnk9fYOxH1bHB3ETAZsZJP0QJFkiwsbGV0284S4/Y6IdBV/fP/Ss01S09h0/jfyM+8Vf3z/0rNfVmPYdP438jqdnaMU1og5IAo7AMTdLBc06apwUFuSwY2vs9dTS9THAfHhAcQQQQR3Q1lYOdzbxr0nTlxOY946/vn/pWc/VFR7Bp/G/kPeQv75/6Vj1Q9gU/jfcjnds7Ks0lgRyGDDKOBgMPHw8RnKUdUo72ynaz1ZPKe58yhNSEZmAbATVsykbqJylI6xiSosjzmS6dM6zoUONv8H5pL0fLOt2HodFx1Yy7DrZYlqIAgCAfPfdG+UVfVD8TT0OiPdS6/A8n6Qe+j1eJ5Ww7NWi2HS2iofOzzdlR3wOB+arHjgSTdRoyaVSOfDalz5tEOxlcRjJ0Zaq+uE3yfBPkeul+094htWMYtClQDvOgsyo8HhhkIJOPRmQpQtcZUOXc8dPJ/fBZRnfa2HVXHGOLWejmtuezIqu2oxIGqDHkAu78IllTJZQMEo/dOc4WyWdTHnr6UZhK+bx6zPV243rdsZz+2zYbFa23rmsrrc2Y3QQc4wMA47ROkILVaSxhlZeOTmpTlrNpPPnBQnGcCNk6zoRtqmjfqvYVh231c/BzgAqT4uQ49sgVab3ovNEXtOknTqPGXlPh52HZ/pzRec0ffJ7Zwwy8/G2/7ke9D9OaLzmj75PbMZMfjbb9yPeh+nNH5zR96ntmMofjbb9yPeh+m9H5zR96ntjWXMfjbb9yPejP6b0fnNH3qe2Y1lzH462/cj3ofpvR+c0fep7Y1lzH462/cj3o4nphtevU2IKfCSkMN/lvM2M49A3Rx7ZxqSy9h5nS95C4qRVPao5288/9HgicipMgTVsykbqJzlI6xiSosjzmSqdMnRJDqTLClSOp6HjBs/g9csNEyyp9niXVpDVTOqluTBAEAQD597ovyir6ofiaeg0R7qXX4HkvSH30erxOWS113gjMoYYYKxG8PIcc5auMXvWcFHCpOOVFtZ3mRqbRnFjje+Fh2GeJPHy8ST9pmrpwfBG6rVFuk9vSa/6izGN98DJA3mwCeZx6Zo6cd+EbKtUxjWfea22s53nZnY/OYlj3mcnTSWEsCU5SeZPL6TWRpwCZkSHOBtkyJEnAzk2EiyiDYTi0DInNowbTUwZEGpkTAMgTVsykbqJykzrGJKizhOZKp0ydFkOpMsKVIs1pIVSoWVGidL0UGDZ/D65baEllVOzxLGMdVHTS9NhAEAQD5/7onyir6sfiaeg0R7qXX4HkfSH30OrxZyZEtigMEQbGuJhoyJo0bGJxlEymZkWcDbJkSHOBtk2EhzgZNhI0og2E4NAzNGYNpqzBsJo2bJGyic5M6RiSosjzkSqdMnRZEqTJ9KkWK0kGpULOjRLKLIVSZZUqR0PRgcX/AIfXL70eeY1OteJ2qxxg6OeiOIgCAIBwHuh/KKvqx+Jp6DRHupdfgeR9Iffw6vFnKES2PPmpEGTBg2NZhoyJo0ZMTjKJsZEizgbZNgZDqQMmwkOcDJsJFlEGwnCSBsJyZskbqJykzpGJKqyPORKhTJ0WRKkyfSpFitJBqVCyo0SwiyFUmWdKkTosiTkT4Uz3ujY4v/D656T0bf5avWvE5Xaxg6GemIggCAIBwPuhfH1fVj8TS/0T7qXX4HkPSL38OrxZ4uxNlPq7RWp3QPCd+e6o8fpMnXNxGhDWfYissLOV1V1FsXF8ke1qNdsvSk1VaYaorweywggkcDgkH/YASDCjd11rynqZ3Jef5Ladzo+1fq4U/WNb2/58Ekebtu7Z1tYfTI9NxOGqA8DHl8nZj7RJNtC5hPVqNSjz4+evvIl7UsatNTopxny4eeWO1HhGTirMTDRkxNGjOROEomyYzIs4G2T1OjmmS7VU12rvI5YMuSM4VjzHHmJArx1Ytk2wpRq3EYTWU/szXbVKV6m+usbqI7KoyTgDxZMhuOY5MXdOMK84R2JMqKZGmjikex0Y0ld2prrtXeRg+RkjkpI4icEk5YZYaPoQqV1Gaytv0PWsu2Stj1tprV3GZC4diAVJG98LOOE5znRTw0WOLJScfVtYeM5/kt6Po9UmrNb/ALWl6msrJJB+Eo4lcZxn/eaK3j67VltTWUSqVlCNXD2rGUeAE4n0Eygqzw2b0qJOiyDOZZUqROiyJORPp0yVRI8mSoxPb6O82+z1z1Poz+ip1rxId8tse06CeoIIgCAIBwXug/H1fVj8TS/0T7qXX4HkPSL38P8AHxZnoWCateK/jTWNzy53bMY+3H+0xpLGvSct2dvyNtB5dKuofqxs7nj5nN6BajYgvJFWfDK5yB6JZ1XPUepv4FJbeqdVet/TxOp2dsfZOpc10vezAFiOK+CCBnJHpEqq1zeUY600kvPSehtrLRtxPUpuTe/j9iGnT6bQ6ZdS9S6my9iKg+Cqpk7p7gDnGeOJtKdW5rOkpaqituOZrGnb2Nuq8o67k9md2OHy2mtq6baGl1FqUrp9RpBvt1YAV1wTxxjOQrekYHGZTq2taMHLWjLZt4GJKhf206kYKE4bdnHzjsN9T/p9mVUA6dNRqLl33azBC8sgZHLjjh5OM1j6y8nJ6zjFbFg6VPU6OpQTgpTltbZDtDQUa3TJqtLWunsFiU21rwQszKo5el1OccicxCpOhVdKo9ZYynx2f9GlahSvKCr0Y6sspNcNrS8UTbU1mk2cy6avS16hgqm6y0Als+LiD2+TjynCnTq3K9ZKTXJI63Fa3sWqMaak8bW/+v4L61abrdl26apKhc1reCqhviyd0kc8HMiy18TjJ5x9yWoUdehUpRUc54bf0kVWzK+t12rspOqZbmrpoAyGbwfCI5c25nkATOUnsjHoNI2sfWVa8o671sKPd56N5ptrS0tpmbV16fRakAtStTgu2Pmsqjj5PHjnwkeWDNxRhOlmrGMJ8MPb2+WeV0L+WVdln4DI8f1o46Op4rJ9f0PV1Oz9ndbY1mqbJexnrC8cliSvAZ58JHqxoZblIn/hqOu25cT0dk7RGo1hKArXXSyIDzxvJk48X/5NKFwq11s3KLx3omQ2yz0EGwqco5TTrY+8f2tjDcx5AOfd3+KQrJOUZOFJSef1N7Pv3Lt4HaMEt5e1umRFS96URkYCxBhkdDwJx5eOeU2vKNOnCNzUppNP8y3pp7P5WzJ3p5b1UyvqdmD/AFKqoHV2YcY5BR8If55RK+50YnpCMIr8k/zbN2FvXnmiTTq4pNveivtVkNrCtVVU8HwVAyRzPD0/2lXpepSlcyjSioqOzYsZa3/PYSbaMlBOTy2Xuj3Nvs9cu/Rj9FTrXiRr/fHtPfnqCvEAQBAOD90D4+r6sfiaX2ifdS6/A8f6R+/h/j4s8PZG0X0tq218ccGU8mU81/t3SfcUI1oakipsrudrVVSPauaPcvXZOqJsNj6V24umOBPjPIjuP2SBF3lBauFNcGXM1oy7frHJ02968pruNLtq6TSVPVs/esstGHvcEYHoyBx8mBjx8ZtG3rV5qdxsS4GJ3traUnTtMuUt8n5XZw4kWz9o6W/TLpNazVGk5quUE+XAPPykeTHpm1WhWpVnWorOd6Nba7t69sre5bjq7n57v5M6rX6PSaa3T6Jmvs1I3bbSMALjGPFngTjHlPHxRCjXr1o1Ky1VHcjarc2trbyo271nPe+jzuNzrtFrqaV1ljae+gbosAyrjhx5Y8QOOHHlNfU17apJ0lrRlw5HT8Ra3tKMa8tWcePMr7V2xp6aE0uzyzKrrbZcwxvOpDDAOM8QPFjwRzm1G2qVKjq19mzCRpcXtGlRVC12pPLl0p5+pZ192zdduXai2zSXbq9Ym4SHXxFeBz48Ed0jwhcW+YQSkuBJqys7vFSrJwljaufVs29B6G0tZpqP0TYpKadOsKkqxbq+rwGwMk5yO+Q4wnL1ie/+SbVnSp+oktkVnHVgoaDpNQLdZXY9i0al3eq+sMr1lgBnGMjkDy5+LjNKlJpJ8Ua0bmOvOLb1ZPKa3oo66vZlddm7dbrNRZ8B/CXcP0iSMH05yeznItR8zb8PQSeG5N8SDovra6dTXZa26ih8nDNjKkDgMmQVNRnlna2passmuqtV7rWU5V7LGU4IypYkHBlTcSzJtcyXGhl5PY6Mayum4va26pRlzhm4kqcYHYZysrmFGvrVHhYa58VyJaovGw9LSaqi3Tii12pKMWBAOHBJPHv5eiYhcW1e2/D1ZuGG30Pa347ue07+qnGWtFZJdTqtONOaaWJwwxvA5bjkt5Jxu7u0Vi7ejJvDW9Pbty3uO1KlU9brSRb0urKaUWMPCQNXWTzIOMY7v/jJVveulo1VpL80U4xfPl9Nv+JpOlrV9RbntfnzvPCE8c2WZ7PR7m32eueu9GP0VOteJW3++Pae/PUFeIAgCAcJ0/8Aj6vq/wAzS+0T7uXX4Hj/AEj9/D/HxZyxEtTzxiAakTJkwRMmTUiDZGpjJukamatnWKOlHSii1U/1+kXUWVDC2ggFh/5D/Bz4CVMrScG/VT1U+B6CF9CrFevpqTXHz56Dx9vbafWWKzKK0rG7VUvEIvj4+M8B4vEJrCkqUcLbnezapUlcSUmsJblyPM3pFqyJVKgZVpWVmWVK3J63lZWZPp25bpeVlUlwoF2lpXVCRGkXK2kGZ2UCwhkaRtqno6vXdYtaKu4tYwBvb2Tyz4v8Mm3ukPxFOFKMdWMOGc5+S8s40qGpJyby2VhKs7Hs9HubfZ656/0Y/RU614lZpDfHtPfnqCvEAQBAOE6ffH1fV/maX2ivdy6/A8d6R+/h/j4s5eWh54wRMmTBgGpmTY1MZN0jUzVs6xiaNOcpEunAjYyNOZY0aRGxkKpMtqFA0LSBVmXFG3AaV1WRZ0rclR5AqE2FAtVWSvqI7qiXabJAqRNvVl2qyQpxMapbreRpRNGiwrTi0atEgM5s1Z7XR7m32eueu9GP0VOteJWaQ3x7T356grhAEAQDhen3x9X1f5ml7or3cuvwPHeknv4f4+LOXlqedMGDJgwZN9NWrOiu24rMoZ/ornie6azk1FtLLO9GEZTUZPCb2vkjoGr0V5e8BAoVAyPvULWes3ckIT8wjHHiVPlxK3Wr0kqb381tzs6ccfkX6haXDdZJYwtj/LjbjbjPDGObXYQWaPQJ1W8RhwjqWssDupZwS4Awq7oByMceGR4nrq7z0dCwurpz8jZW1pHV6cNbXl79/JY6tuzKPNGipOprUMtlNtjKq1dYWwOABHFgCeGQScA+iJVperfBpcfP2OtO2h61Y2xb4Z8/UuavQaGsWLaUrs6tWCBrspYa94AbxBwTgYKk48mQZCdab3bi2p20Fw29pVuGzCcY3FDHLrZax3F1CpwB8tJZv4eHkMaVSXEsqVB8Ea6jT7PIvFbVK4WvqybLmXfIbIQZ8Z3OJLY48AOIizmWFKnUWNjx588Cns5NGvWLqd2xlsdAy22Ku4tdhDqRzBdUAJHJuUjNx4lg6dV4cNmzO7pXhnuLTrs4I7rgkAPudbaHD9XWy1IMYZC5sVmJyMdmeE1Tw2dIRuNZJ9+FjGXtfTjDSW8taY7ODPX1maiaTvneBbJtYL5VCg1KxGPnGcdWjlxb2bPH+MiUblxUsbduzu+u1rsJTTo2Fi1PUjl61rLPYRxFYOOPBQTZxO9wHPgC0WpRoyTUWk8rG19Hy37dv3KVeLTkm1h52Lp+e7Zs6uVGqyU84EpxLtVkiTgcmi3W8jSic2idTOTRzZ7nR3m32euer9Gf0VOteJV6Q3x7ToJ6grhAEAQDhunvx9X1f5ml7or3cuvwPG+knv4f4+LOYMtDzpqYNjBjJskamatnaMSNpzlIlU6eT2a9iJZXQ4ZqusWvedlzUztaybqsT8ZjB3cYwOfGV07lqUlv+u76dJe0bGMoxa2ZSzy3457+gifo+MMessXCht1qgGoyjPm8b37MeDjPHmOyR53D8+BY0rVLz9SXUdGka1lrdypRnUVpvgOCoNZcngRvbxLYHhDjxzIsqraLOnTUdp52zdgC+hLTYyGyyqsDq95N17q6Sd76QL5wcHA5Y4yNKWS0i9SWrjcm+5N+BY2d0dpdq337bqrAjbq1AMoYWeFbhvATNZAIzxIHbxxklyrygmsJNdPVu2bXtPP2bsimyquy26xDYrPupSrgKt1dPMsOJNqnlyBkfVTWWyfUrThNxjFPGza//Vy5dD+ReTouuQGvYcSDZ1QNTfG5Stt7wrF6s7y8MZ58OOro9Jr+PeMqPZnbw2vZsTzsfH6Vr9l1rpV1KWu2+QVU0sF3S7KELjKiwBclc+PsJ4TpLU1k/P3O8Libruk4rZ09Ce7fjbhPH8efW8hTiSmi5TbIs4HKUS9TbIc4HGUS7VZIk4HGSLdbyPKJyaOg6NHi/wDD656f0aX5anWvEqdI749p0U9OVogCAIBw3Tz4+r6v8zS80X7uXX4HjfST38P8fFnMmWh51GpjJukamatnWMTRjOcpEunTImMjzmWNGiQPiRKlQuLe3IWxIVSoXlvbkTYkOcy6oUcEbYkWUizpU8GhA8gnFsmQjgYnNnZIADyDumpttNlxz/3mrRgmRpzkjVos1WSPKJzaLdNsizgcpRL9NsiTgcZRLtVkiTgcJI6boq2S/wDD656L0dWI1OteJTaSW2PadNPSFYIAgCAcP08+Pq+r/M0vNF+7fX4HjfST38P8fFnLkyyyefSNS0w2dYwNGac5SJdOmRM8jzmWNGiQu8iTqFzb25A7yHUqF3b25EzyHOZdUaJEWkWUizp08GpacWyZGJjM0Z2RjM1NhmDJnMwDYNNWjBKlk5yiass12zhKBzaLlN0iTgcZIvU3SJOmcZI6/oa+TZ/B65d6BWFU614lHpVbY9vgdXPQFSIAgAwDmNubEfW6lfC6uuusBnxkklm8ED/PFJ9tdKjSfFt+BSaQ0Y7y4i28RUd/a9xAeglP7+3uT2Tb2lU5I0Xo/Q+J/L7Gp6BU+cXdyeyY9oz5I3WgqK/ufy+xqfc/p84u7q/ZNXfTfBHWOiKUf7n8vsan3PKfOLu6v2Tm7qT4EmFjCPFmp9zmjzm7+mv2Tk6rZLhBQ3Gh9zajzm/+mv2Tk9pKhcOPA1PuZ6fzm/ur9k5unkkx0jOP9qMfqx0/nN/dX7Jo6C5nVaXqL+1fMx+rDT+c391XsmPw65m601V+FfMfqw0/nV/dV7Jj8NHmbe26vwr5/cfqw0/nV/dV7I/DR5j25V+FfP7j9WGn86v7qvZH4aPMe3Kvwr5/cfqw0/nV/dV7I/Cx5j25V+FfP7j9WGn85v7qvZMfhY8x7cq/Cvn9zYe5lp/Ob+6v2TH4SPNmPbdX4V8zYe5rQP8Aub+6v2TV2UHxZj21V+FfMkX3OqR/3N3dX7Jo9HQfF/Iw9MVPhXzJV6BVDlqLv6U9k5vRVN/3P5fY09rVPhRZ6PbNs0l1tdhDhtxkcDAYeEOXiI8nZN7G0dvKcXtzjD7zheXEa6jJbN+V3HTyxIIgCAYMAi03zu31CATQBAEAQBAEAQBAEAQBAEAQBAEAQBAEAp6r4yrsf8sAuCAIAgGDAItN87t9QgE0AQBAEAQChtzWnT6e21QCyAbueWWIUH/ed7akqtVQezJDv7h29vKqt68Xg47Z3S7VI37Yi9TzBCow7Co/vOFzSqW1TVntXB8/PI8xb6erwean513Pswdlsza1GpGam4+NG4Ov2escJrGaluPTWl/Qulmm9vJ7156NhemxNEAQBAEAQBAEAQBAKeq+Mq7H/LALggCAIBgwCLTfO7fUIBNAEAQBAEA8fpd8ju/l/wDIkmaP/qI9v0ZVab/oZ9n+yPm3KX9xbwrwcJ/9dR4FMnpsIIZSVZeRBwQe0Tx13a1Lapqy7Hz88TCnKEtaLw+aOn2T0sdcLqRvj94oG8O0cj/nOc4Vmv1Ho7H0inDELhay5rf28/r1nW6TVV3KHqYOp8Y8XoI8RklST3Hq6FxSrw16csrz3E0ydhAEAQBAEAQBAKeq+Mq7H/LALggCAIBgwCLTfO7fUIBNAEAQBAEA8jpZ8ju/l/8AIsmWH9RHt+jKnTn9DU7P9kfOGE9ImeATNOXKcri3hcQcJr+Oo23kytmeNu7SdtPVl2Pn54o5tYLGk1dlLb1TlG8o8foI5GRk2nlHahc1aEtelJp+e863ZPSxHwupHVty3xncPaOa/wBuySYV1/cessfSGnPEbhar5rd/H06jpEcMAVIYHiCDkEeXM7no4yUlmLymbQbCAIAgCAIBT1XxlXY/5YBcEAQBAMGARab53b6hAJoAgCAIAgHkdK/kd38v/kWS7D38e36MqdOf0NTs/wBkfOyJ6M+fGjCbJmyZpy5TlcW8LiDhNfx1G28mVszxt3aTtp6sux8/PFHNrBZ0mmNh8ijmfUJTX9/C1hzk9y8X0fUu9CaEq6SqfDTj+qXgun6b3wT6PZ+qejArOFHzDxWeZoaWuqNRzUs53p7n9uzB9ThYUKdJUoR1VHdjzt6c7zodHtOuzAPgN5DyPYZ6yx05b3OIy/JLk9z6n5ZBq2sobVtRel0RhAEAQBAKeq+Mq7H/ACwC4IAgCAYMAi03zu31CATQBAEAQBAPJ6VfJLv5f41kux9/Ht+jKnTv9BU7P9kfPSJ6I+eGhEybGjCbJmyZXv1Ar9JPIe2VOl7ijCjqTWZPcuXT537uZ6f0c9G6umKuXmNKP6peEecvlFbXwT6DZerrtQGvhjgyeNT/AJ458d0hSrU6zdV5zx5+eXA+pqwhYwVCnHEVux538+OT0FlezRk9SkkAAknkAMmZp0Z1ZalNNt8EcpSUVlnU6RGVFD/CA4+yfTbGnUp28IVXmSW3z0bilqNOba3E0lGggCAIBT1XxlXY/wCWAXBAEAQDBgEWm+d2+oQCaAIAgCAIB5XSn5Jd/L/Gsl2Pv49v0ZUad/oKnZ/sj58RPQnzs1ImTYqa3UiseVjyHrPokG+vo20ecnuXi+j6nqPRr0braXrZeY0o/ql4R5yfdFbXwT8ZnLEknJPjnkKtSVSTnN5bPu1ra0bWjGjRioxjsSXne97e9vayfR6t6nDocHljxMD80jxyHcW8K8NSa/jqOlWnGpFxlu+h9M2Ps225EssVqAwyUcYs7vF9vdKi39HKkpv1ssRXLe/t2nj7q6hSk4Qetjit3nzk6PTaVKhhBjynmT2meptbOjbR1aUcfV9bKmdSU3mTJpKNBAEAQBAKeq+Mq7H/ACwC4IAgCAYMAi03zu31CATQBAEAQBAPK6UfJLv5f41kux9/Ht+jKjTv9BU7P9kcBPQHzop7Q1i1Dyufgr6z6JCvL2NvHnJ7l9+j6nqPRr0braXrZeY0o/ql4R5yfdFbXwT597CxLMck8zPKVJyqScpPLZ94tbWja0Y0KEVGMdiS87W97e9vaz2tgdGdVrcNWvV1H/r2AhCP/Ec3+zh6RMRpORGvNKULXY3rS5Lx5fXoPpOweiul0eGVetuH/WswWH/qOSjs4+UmSoUoxPKXmk691sk8R5Ld28+092dCvEAQBAEAQBAKeq+Mq7H/ACwC4IAgCAYMAi03zu31CATQBAEAQBAPK6UfJLv5f41kux9/Ht+jKjTv9BU7P9kfNdpa9aR5Xb4K+s+iWd3dxoR5ye5fcoPRr0braXrZeY0o/ql/8x5yfdFbXwT8jZmzdVrrCKEa1s+G54Vp/wCzch2c/IDPNTc6snKW1s+3xdpoy3jSilCMVsit/wB3ni3ve9n0bo90C09GH1RGptHHdI/YofQvzu08PQJtGklvKC801Wrflp/kj8328OzvZ14HknUpTMAQBAEAQBAEAQCnqvjKux/ywC4IAgCAYMAi03zu31CATQBAEAQBAK20dILqnqJxvjAOM4PMHHj4gTenUdOSkt6OFzbwuKTpVNz343nF7O9zhesNmu1B1AzncrU1Bv8A2bJOPQMds5yzOTlJ5bL+GlI29vG3s6apxisLjj+ebeW3t3ncaXTV0otdKLWi8FRFCqPsEyVM5ynJyk8t8WSwaiAIAgEGq1G5ugKWaw7qqCBk4JJJPIAAwCOjaNTBfDQFuAAsRuOccxwgGw2hRgHrUwTgeEOfD/7L/UPKIBEu1KjUbAcla+uNeRvhd0Njt4jvEA1p2tUxYNhNzgWLKVzz4MOB4f2PkgFyu5G4KwbgDwOeBJAPeD3GAV9V8ZV2P+WAXBAEAQDBgEWnHwu31CATQBAEAQBAEAQBAEAQBAEAi1FC2AZyCp3lZThlbBGQewkfbAKx2VUee8d7HWZYnrCp3l3vLgnh3cuEAiu2Tkjccgng7MSzMng+DnOMYXyevIElWyaUV1UELYnVsM/NwFPHnnA/v5TAN9Zsyq74YPLHA4GPC8X8RgG+i0gq38c7HZz5BnkPX2knxwDXUj9pX2P6oBbEAQBAEAiZSDlftB5GAaGy36K95gGOst+gveYA6y36C95gDrLfoL3mAOst+gveYA6y36C95gDrLfoL3mAOst+gveYA6y36C95gDrLfoL3mAOst+gveYA6y36C95gDrLfoL3mAOst+gveYA6y36C95gDrLfoL3mAOst+gveYBnrLfor3mAKqW3t5zk8vQB5IBYgCAIAgCAIAgCAIAgCAIAgCAIAgCAIAgCAIAgCAIAgCAIAgCAIAgCAIAgCAIAgCAIAgCAIAgCAIAgCAIAgCAf/2Q==', NULL, 1, 90, 1);
INSERT INTO products (id, title, slug, description, price_cents, image, category_id, active, stock, featured) VALUES (10, 'EA FC 24 Points 1600', 'ea-fc-24-points-1600', 'Gói 1600 FC Points cho EA FC 24.', 399000, 'data:image/jpeg;base64,/9j/4AAQSkZJRgABAQAAAQABAAD/2wCEAAkGBxMTEhUTExMWFhUXGBoYGBgXGBcdGBsXGBUXFxgXGBcYHSggGBolGxUXITEhJSkrLi4uGh8zODMtNygtLisBCgoKDg0OGxAQGy0lICYtLS8tLzUtLS0vLy0tLS0tLS0tLS0tLS0tLS0tLS0tLS0tLS0tLS0tLS0tLS0tLS0tLf/AABEIAKgBLAMBIgACEQEDEQH/xAAcAAAABwEBAAAAAAAAAAAAAAAAAQIDBAUGBwj/xABAEAACAQIEAwUFBQcDAwUAAAABAhEAAwQSITEFQVEGEyJhcQcygZGhFFLB0fAVI0JigrHhM3KSJEOTRGOy0vH/xAAaAQADAQEBAQAAAAAAAAAAAAAAAQIDBAUG/8QALhEAAgICAQMCBQMEAwAAAAAAAAECEQMhEgQxQSJRBRNhcYGRobEUIzLwQlLR/9oADAMBAAIRAxEAPwDh5oTS4k0ZUR500gGwKUqmkilHSgB60k0waeF7SKZIoAPlRClCIo1GlAUNzQoGioAE0JoUeU0WAJoTRx1oRyoAKaMmnrNiTFC+mVoosBiaApy4ROlBEBFADc0Jo1WTTigAkUNgICmnu4O3OnEEEfjUyw6ga86ylJ1aLUV5IBsEb0q3cZVIDRNOYk5pI5U3hl12mtI3JEPTEWkmSaAAjfenxbIJpGUAx1pjoi0+ywKda0I602l2RHOjuHYO2NJijNrzqXwfhF7EXO6tgZgCxkgKAIkkn1HzqYvZvFNca2LUFCA7EjuxMEePZpBBAEmOVS5JFRT7lNGwNH3Q86u+LdncRbQsUDKolmtmQB1I0YDziKp7V2FiNaE00Di09hMlJtrJpxyCvnSrigqBOtXSJYhQJ60TjltShbyzQxls6UkvKBvwE6SJEaVEHrUnuSBNR8tC32B67hDY0GPSgvSnBb8UdKkBkCg1GRzo21qkwoWlsZSTTYox0oXNDFLY7Qu5tEUgCaME70mdaBAYUSil5RRZYmiwoJaVmjSlm2QBTR3orYWBwafsOJE8qZZqcskDWJNAmPBxm0PrUa8ZNKuXJ2qSFVY01inpbCNtEa2PCTSlsTsakYbhzXHVEGrbdPjSuI4U2XNs+8u8aip+xXbuMWMOZpCMNQd5olxBEwaOymzGnXuKwXAS0UYOonam2bUkU47kjbSnQWPsRMjancPZ3IqKU0GulSExAEaaGqhqWiZK1sfNgbH3qjX7Mk+QqcjKpBBk0jGXJBIEUTSTCLtCeEYQMHZ2K27YzMdydYVFHNmJjoNTyinRfsMQBh4nn3rZvPWIgen5CdcVbWBtodXvsbpEawpK29RygE/1mr7DcFxwjucMGVQoDd2ACcobTOdYJifKonjnfpLxZsbtPwQuK4qzh3RLeDS5aZc3iLG4y3AGgsPoNQKuOznDL2HGbuGUMsoq3ARbECZViA5MAk/hEX/Z7sxirzLfxyWl7pi2UZO8OUeHMqeEDnqZ8O2tWnaOwzWstuVJIBZWykCJ0PloP87ceRSj6ZHZi4T3HsZ7CcVd3ZSoDBYBIIBOxB3BB2rmnGcKbd24MuUBpCnkDy9BrW4x9xU1tBmcMsqG8ZlgpI5HcVleMXTibzXCx5ATvlAAH5/Grw22TnpIprRHvU1dILaVNu2FWBEmoAU54AiuqqOQk3XCiDUW5emnMbcJ0PKoq6HWiPYJdx+7eZhFLAHSl3bqaAfGpaYRSJB3pKLlpA3W2U7DXTlQdiT9KUqwd6ECTSsKCZY0pAMUt5JolMnWgAKhiRyp9UBMnlQJjb0NJdMp8jSGKTKZGwpMjNoJFNhJJjSpCWwB503VArG1aDtSjcFGlgttSe6Mx03pJBY090mkok1LewC2lIdSduVW22rJS8BX7cRpA60dm2NQfhS21SWOvSkWjPpUWzRJDlnCAnfQD60CRqNyKkYYyoUDUGkWbf7xgd9qryQ3QvDYlkUMNDyI3qLcvbkyWbcnel3LTKwXcTTmJw876GpUFeirtEe2gC9SakPhyFVQNTSsFhgJJMnlTtpvEJOlUqbJekQsTaAEAajepNlSLYDCmcWviJ5U3bvGNRIFVq99gsI2tJqW9gG2NdajveLRIjXbrVjZK7dKendEv6jSWlkHkKHd5wTPwpi5ZYHXQGnMPZIaAeU1n23Zp38FjibveJhmOgRBbYc5tmNPMrB+NdW4L2+sXX7lZUkAgN7s5RpPyHzrmfCeBNiiVS5lOUuZEg5Y0gHTfeo/CLC2b5F1ZC+Fo13nxee1deJ20/c87PFRve0dwtcSVmL2wQR7wMbSQR8ImsN7QcdeQ2ws91qSeh2ynz1n4VbcBx6teJB94mDyOwjXzAPzqz7adn0v4W4EH70qXRQYm4qkqsHTXb41p1WCEq9/BHQ9RON+3n/05A3Gigbu1CNH+ouYONQfCQdNoPUE1RnPGYHSpGJDCARR4dZJHKvOjUex6sm5CLCklfOhxGwQ/hFOAZXUcpB+FXbd3cbKfCI3862c/SZqPqM9aw8N4+dLuYNJy1L4khQmNRyPOq5Q4YM3wqVF2VaSJtrh6ZSubXlUUYO5yOlKN53MgbU3buXTttNLiwTXkgEnenCBpSVM6DeafLToRtVIljAkUsKAAeZo722m1NJ61BQ85EaUuy5I/CkKuXSKkJYAAM704p+AdDF60feFJsoTrTdy4dRTmHc9KKESEvZQZpIuiPMmlhljXnSFdd42pVfYb0HaIU+tP2YVSefSoobMZiBSk0JgzNWm/Ymh28oM+dMhwqld6fxJKqOhqE1omeVJwofK+xaYJAUkHxmomKbLc86k4W2WIy6dKLF4Jg5ncUkrQ2qGcZeIM86mXDmUSYnemsLYDPrqANfWlIFfMBoBTjKMe6JlGT7OhNzBqNFaZosQo8IB8qV9kOmWTA1NRbZClp3pVe0x9nTJNzRgG92lrZkMVGlQVDXD5bVae5bKg+lOaV6HBtrZXo/i22p6wRLTr0qVwjBHI5I32qReRbdvbXnSrTQX2ZGJDiOm1V9nMCddfOnEY6ZOZAPlJqbcwYF1lzBo5jn1qeyGk2zQezu4wxlkDY583p3Tk/UCtZ2n4IpcOihXjWOYY6Zuu1Y/sVaZcZaII8JcnWPCLbZh5mJ0rqF8iTm96NfidPwrv6Ts/ueX8QW0voZHB2L1srGTQzlKQ3KSMpAbQa7nSugYfvMiglCpg8wBpOk5qp7qo/hjlOh19QdwRT+DuMAEOViNVY6Zl2IIGzCQD6g+Q6MitHNgfF7OQdprIt4/EI3ui6xHoxzAfANVHiLgVtBpVtx3M9+68CTdcwOXjOg8ht8Kr7qnNqvKvJlqR7sVcRrh7Z7gk7bT/apt9T3vp8qawuBJIYddT0rU3sPZ7jQgvG/Om6asV1ozuMQtqdhyqNeWYB6aVZKVKFf4qa4c6jMHWSNqcZ8UEkmyE9/IIiPOq8YkiY61qzh7LWjO9ZXF2QGIB0pQpikR7TxNTOB8IvYy+tmyuZ21PIKvNmPJR/jUkCq8mvRHsM7NLawgvsv7y/4yT9wEi2voQC/9QnamAvst7IcLbVWvjv3jd5yf02xuPNprUt2A4eRH2XD/APgt/gJqv7TdosO9zIvEzhzbLKwS07S06y0RpEaedQr3ELliyt+3jruKa9NrD22TIGuE5c8HVguvkSVrPmd8fh+SUU3pvsmpL96rtvv2Kbtd7ILJRnwn7p+Skk2iehBk2/USPKuH4rDXrVw2bqlHQkMp3B/EeY3BmvWHY/jRxNkrdEX7R7u8p3zCRmjo0fORyrmftz7NABMWghlIR/NGnIT5qwy/1eVXF2ceXFLFNwl3Rw9xrHnVrhsoQgDWoK2yWmNK13s77LHHYtbMHu/fvMOVpSJAPJmMKPUnlTbV0RWrLPsl7NMbjrK3h3dm02qvdzZnH3lRROXzJE8pq6PsJxWv/V2Nf5HrqvbXtLb4ZhO9yqT4bdm1OUM3JfJQoJPkPSuZXPbrfH/orX/mb/6UkmtoTd6Idz2G4hEZmxthVUFmYq8AASSTyAFZzsZ7NMVj1N20USxmZVvXMw7wKSJRACx21mANpJBFa9O3OL44F4fbsLYW+R3txHZiLCmbm6iJAA85C/xV1Hj3E7HC8AbgUC3ZQJatgxmaMtu2D5mJOsCTypdx9jlNz2G4ogD7XY0/kekL7CcSJ/6yz/wet97OO22J4k10thktWbYALh2Ym40EIAVA0WSTyletQ/bX2sOFwn2e00XsSCsjdLOzt6n3B6sR7tPa0K/Jw61wx2vdzhm75xc7u2bY/wBQgxmWf4TBMnlqYFdDwPsaxzDNexFhWI90Z2j1YACfSnfYrhsFhVfF4rFYa3dabdpLl62rIn8bFWYEFiIHkOjVpO2HtVFjEW7GDt28VmWWdbkpLGFRCgOZtNfUDrR9EN3dmZsexLFqT/1djXfwXKy3a72f4jCX7GHXJcfESLZSfEwZVYEEaQXUztBnka9I4C7cNpGvhUuZQbgUyqmJIzHcDafKsx2asLjcU/EnBKrms4UHZbYJD3AOTMZ13jQ+6KG2C0c9u+ya/hsPce5jLCois7sVfRQJPrWB7D9k7vEsS1q3CwpdmYHKo2ExzJIAHr0NdV9tvaMELgEaBKvfI5D3kQ/RyPJOtar2W9kxgMJ4hF+9Fy6TEj7lon+QGPUt1qVJbQO6VnH+1vs7ucLwpv3cVaaWCoiq+ZmOsCdBABYnyrFB2ZlJGla32sdrhj8WRbOazZJt2o2bXx3B/uIEfyqvU1R8BVb7ojHKiiWP4TWibUa9xabt+Buxi2Q+HUExHnSuIYS9MXBlzaipmNuW0ujIPCD4fhzpziOKZnDE5hEUuQGftWSEJpaWzk6MNvSpFoqWCkaE1b8ZuplCKF0HKpT3pDZoPZXwhXa5efxZYRJ5FgS7f8YAP8zVvsXZzZhHWfiB+EVg/ZTiLneXFU/usmZwY0cmEjmCQH+C+lb3FYlLZJdoJ1Hnp+Qr0MHbR5nVf5bM6zKrEGRB36HqOnwqwt8TVLoS7yDOj6DNkEsDyzBdZ2InbLq1eW2zsQZnSCGXUjSMwEz5VC7a2imFe6YgKCQdw4YJ4egYMwPqPOujI9HHgi+VHLbmOOfORBJLEebGaZ+3G5cgjQ7im8XdNwhoApXCmQkl9Dyrx9PbWz6Da0nosnxACFFGtPcJ4Y7ro2U+dM4V7YuzvO1TrOMJaNRB3qVJp1Ro6asqLuAuW7xUnXrypnEZ7TRIOatPce26klvFOtZrilqXUW5YTVcrb1ojjUe5OXx2sn8W9QXw4GhXWpVu29glyJEVB/ahkyOdCbluwVRdMpmFesPZ/iEThlhyQFTDWmJJgALZEknlEGTXlJELEwK7l7Fe0a3MM+AutDorAbEmy86rmkEozHQiIK6GmSWGFs4q3fe9nwfeX2C/vbeIhJdUVINkC0CzW1GaM3h3nWx4Ky3LwxWLxCEhO7sCwl4LbBVSbsPb8Ay3UIc+GHmdq1OB7LWEKMf3mWSoIQICXVwVRAFWGQEQNDrvUa12KshUVrlx8gUKWyaZFsqmiqAYFhZnQ5mnQwBQh9TtyfEc009RWqtLde36aM/g8HawuJt3sJecqxa3fS+t8MygqGYHup8BIkmACQCRNL9t1wDhl7qe6iev2i2R6aA1puI9nrTjxXGUC49yYtkg3GDHKzKShEQCsHU1yH27dphcZcKh91hcuRtmAIRPOASx8ytFRXY58ufJmaeR20u/n8nLL15k8JG+tem/ZV2WOBwS96IxF6Hu9V08Fr+kE/1M1cl9ivZU43F/abyzZwxDa7Nd3RPMD3j6L1rpntk7WfZML3Ftov4gFRG62trj+RMhR6kj3aF7IyZssU2FuR3hsPExn7toneJ22Hyqr43ieHYaxcv3EwxW2pYgLaJY8lUfeJgDzIry+uHXLJUTy0Fan2adkFx2OVXQdxZAuXdB4gD4LcdGI18g3lSHxo6/7KuBulq5jr6BcRjD3mQCBas/9u0oG2mp5+7OornftZ4+/EMemCw8vbtP3aqv/cxB8LnpC+4CdoczBrvOMsl7bortbLKVDrGZZEZlkRI3E1keyvs2wuCvjEK9y66qVTvMkLm0LDKo8USJ6MetAk15OVYDs7xvCgs32nD4ZFZ3yYlVQQJLFUu76dKrODcHxPFsattrjsP4r1wl2S0pkmWMn3oA6sPOt57dO1JAGCtHQFXxBHwa3bP0c/0da1fsn7NthMGr3Vi/eAdhzVN0t+oBk+bEchQ+wXsm8O9nnDbSBPslq5A1e8ouOfMs4MeggdBVhhuyeBtsrpgsOroQVZbNsFSNipA0NQe2PY5OIZBcv3UVA0KmWMzRLnMDJgQOmvU1ieK+ybBYXDXLlzG4lbNtS7aWthyHg1JOgHMmgC39sPaQ27IwVp4vX1LP1WyDEf1kZfQP5Vs+zd+y+FsnDkG0EULHKAAQ3RgdwdZmvKNgyO8EjXYnWJ01gSfhU3AYZr5Khc9x3VUEaszGFHzqpR4xu/wEabp6+p6evdmsG1zvmwthruYPnNtC+YEENmImZA18qsMXk7t+8ju8rZ83u5IObN5RNU3Z3hdrhmBVGZQtpC965sC0Zrjny008gBXAeO8YXH4i7ir4gsYtKw9y0P8ATX1jU+bE1HgbSbpMa7SnC3r1zEWrVu1amEtogRQgEAkLHibc+sToKoeH2pYm2GC/x5pypI0JZQSBvvVji8FKEKD10pGCxKhe7yFtdhA1ywQSDJB10qZNqNpWXCClKm6Lvh3ZoMyG7ctheQzNm6+IBfD4dtQf7FHaHs41pVuWXLWdiWjMp5Zo0g/kKYHFe7EfZwPSCdNgNfKrrh/HbVzIt+6oUwTaIGQnq33vQ6eVY4llnk9l9Tbq8nT4cXly+hjcHZzuBIBnf0pu8mS6RJIg1u8V2Vwrtnw1zu5O3v2555ZIYCfM+lV2M7H4hSXa33ixvaM7dVgN9K7p4ckO60cOLqMWRel7B2Dv4m1eVrSh0vslplOg1aFfqMmYnzEjoR0bGYQO+RyA4AjpInadq532dxq2MRhySQO9UMp0gN4DIPTNPwrrHH+DtfQhCFbMGB21Gm4E899dqrBm4un2M+q6fmrXczuCxSM72gRcyHI+hInYq0iOUc6d7RYELhL4JZrZQwupKgwCBH8PPUmOUCIHCuD27V51u3Zuuw7w2woOaPAXJ1JIPIVslwyQVIBBBBDayDoQZ3BFb5c2qOfp8G79jy5jLyq7BZidKnYS2t0CQAQPpVn254SuGxz21tuFzSmZSAwgHwsdGiYkdKhLhGXxMI8hXA2vJ6cY2IxagCUHu0vDY03IRNzUrC8M0zM2h5UeHwS27mmx2NRyg/JXGaGMbnteFxqBqevxqFh8XAYxB5Ve2Atw3MzSBVHadO8MjTarVN1Qqa8hYrGu1vUU/h+FKygkNJ6Uri5VMuWPSnsPaxF1QwdVGwHlSb8x0NVGXqVmctBgco0BNLTEXLN1blt2R1IZWUwQaXg7g8TETBpu04JOYeYrRSMfCOz9lPa34AuKQ5hoXtgFT5m2TKn/AGk/CtE/tewAH+oZ6Czen6rH1rggvL4SgIjQ0L3ELaoVCeOZmouymtnSe1HtZuX0ZMIjJOnePlzD/YgkKfMknyrnt+0WWTLNzJ1JJ1JJO5J51UXMVmPhEfnVnauMYzGPMfjQ4ru2NN+EaPsz2r4hhMP3OHvWraKS2U2kJLMZJZjqT+AA5VQ8W41fxuIN7FXMzkBZAAAVdgqjQDc+pNNrj1Q6ietRXvoxJiOgoVsWl3JOIgMIOnKpfBe0eMwl03cNcyNlytoGDLvDKwg6jQ7j4mqW9cJAPSpWESRmJ16UPQ1s2b+1jiqxN5Nd/wB1b/KlYn2rcUUj9+gkTrat/lWOx1rMo11mj4jfVGtggNl/KlF2DVFquOuu7Yp4a4W7w5wCC05gSp0InltAjatMPaZxMorfaUk/+1b/ACrE2O0ihXVrc5tvIVWWHLvp4Vn5UVLyFxOjWvajxLMVa+mg0ItW4nptVd2g7a4nG4cWMTfzKWDMqqqgkTE5RqNZjrB5Cs5cUWtTqJqVxHDrcCMgAXr50L1bXYmMltaIeGyrc2zJtHmavOzPFTh8Uj21CsoOUsAYJEEjNzgkT5moL21tgPpI/vVViMYXuF5g1UHyfJiyRfFpfg6BxPtvicTNi/fBsnVlCIs5TIEgSRIBjyrI8TsKFZliDqIrNXrjEnWrnD49EthNyRqazcHy5Gykq4lxgiO4DTBIiTTHZnB/vGc7AxJqu4rxENatommXepHY/PdcoTCjU1tFOjKbWqL7iNqQ+3wrN22hTIBnrVv2hxgClbZ90wayS4gzvQsaSofNy2y/4XxF7WgJyzt0226bfWt9h+O5bWpPKYOokTAI5xBrlHfH4VMTHug0Mjn08v711Y8/D0vaODN0im+cNP8Ak6RisZYvoLLotwDbN7+ZpKqtz3lO7FpmBzJrYnEEWlYMztAMl31MBT4U5yOlcP4TjwWIzEGCfxYz6AfAVq7XacYRLdlAL6sAbiTpLHMSrfwtrv5DSo6ycOCa9y+jx5Ock/C/2jb3b4Yd5dwlwOOaKrkjrGhn+mrbgPGkuDLqCNs+hPwJJn161y/s3xq07nvLnc3QTAv3Ha0V5ZWacrDmDHUHkLjiOOa0GdMrA+93ZRbeZiBIZmZ2ABOpECTpAArDFPkuMvwzXJFwfKK+50LjuEw+JtmziEDJI3MMr7KyNureKJHUjyrkHtC7N4nBrmUm5hSfDcjxJOy3Y2/3bHyOlbXgXalCALzrEABlkgcgCylgd95n51dNxhLzFVIKCVE7NyJjmD/b1pZv7X+Rtg/vdjhGC46oTK6k1Y4bH5gY0Xqa2naj2eWLis+Ey2bh17s/6THop3tn6eQ3rmGKF3Dk2biFGUwyncHp/b6Vz8ITXpN254+4+9w2ySGlTvURMQBPhkk0+kNZYneaZsXUQA7kV0qbceLOfjUnJC7mIDEM3yq1s8bsqoVVOg+tZ1jmlz1ptWNJwi+w+T8knA38gI61LfDpl3GtRzgXnalfYX6UODYlNIk3Lot2cpgztULICys2s0/cwTMBMU5bwB0PQU5Qd3EjltEDFKpuwggU68qpAJp88LaZBp08OY7t9KpRpUVyVlRNKQSD5VZfsrzohwojnQ0xckVpuEiKQL5GlWI4drvSP2Z50uIcyAbrbk0buTqTrVl+zJ50DwkdTToORWKaVbeIPOrdeErHOj/ZaedDVi5C3HeWN6r7+OPdqgOg3q2s4YAZRtSf2bbqcUHBNeGZR0ymw2IJYAnSnLygE61bLw9BypZwFuq47NeRnsQkUBb0mtCcJb6ClphE6CnxFzM0NJ86uuyON7q4xA3FWH2K3yAoJh0U6QDTCytxAJZyToxk09isFhAsqzZo+vyqW6r1FJU29jFPuK2ihyyIjSo5tNsAYrT5rfUVJw2ELDMqEr1jT50cRczKYe2ZGhq4s4xgcxSWiFI0G0SRGpqS1+31FJ+1W+oqZYVNbRUcsou0yne3cMkjU7n8Kk8MuvaaSudIIytsJG4OsEHWrO1dRyFXVjyFWC8Eun+GqWDVcTOfUKL9UkvyZmyLoiCfDtVlY45ibfKauF4Jc+7QucEuhS2QkDpSy9LKe2mGHroJ1CSf5RZdnu1l5tSpbLuo0301mi7eYe1jbQvouW9bgOdPGm0GDqVMEHpNVPBsfL91JVtQBl1JjUAyIPlsa0XDcDbdwGtnzzbecxtoOdYYehzqdrSOvP8AEMCx1Lv9jnlvBMFyjamP2W1aPtLhzg7vdsCVIzI4GjL+Y2I/OoXD8T3zBUQ7gEnQCeprs+TL2OVSsqf2U0RNGvDCK0uN4beQ3IQOLYlyhmNJ+OmtUq8WX7tL5Ul4HyJsVHxeJZBOSRUPguMk92x9Dr8qkcTx/dsFgEEa710SWJwuKM8MZ82sj0Q/2yfuiiHGT9361GxtgR3ie6d/I1DmuakbyhxZbjjjfcFWeEvO4fwksFzAKJ36n4Vl4rS4HizBGZXVHICZcukda2xQg+5LI/EsVct5dVOYcuXkarzxO55U9xW+rBURIK+8w5k1XhD0+lTNRT0JUSGx7nnUnA57mpaEG50+lQrFgswXrzqdiDmK2kEICAdtetL0kza8FhjGiyGtqdd25x+oqmXFudia2COgULIiPKit27K6jL9K61gxtJ8keZDrnFNOLfsZ3DYXEPtI9assKtuwf39yW3yjl8qscdxAIhyeJjoI5edZVsPcYliCSTqfOlOWGDqLX7GuPJLNFuel+5ohxnCD+E/KrTht3D3gTbAMbgjWsSME/wB01O4Q12xcVwDHMdRTXVY09tfsZZelxOPpk0/ubfE8HtXLcEBSRoRpWA4pgblhyrk+R11Fa7tNj1u2gtonNIOkiPjVbbum7aNrEakDwPuZ86zl1OG7tHo4ZYY41CT3Xe/5MvnPU/WiLnqfrU/9mXOgoDhT+VV/VYP+yM/nY/c2vYThwC2LhZF7zMCzamNSNDttQ7X4FRhruW2G7t5F8RrJ1GnrFU3Z3E3cMHXKtxWEQxPhPOKHETcuWlspFu0NSoMgnr86T6jp+/JFf1GOu6MqCaEVarwRuop1eBnmfprQuu6df8kYvqcXuJ4Lw5YN+9paXl949PStbgC+Jw7z+7R9FVdIXYT51S8UwhuBEWFtqNF8+pq4wvEu6trbCe6I3oh1/TXcpHmddmlKK+V3v9DMt2Wv58oAj71W+B7GDTvGJ8hpVmOMn7g+dC5xa4VIUKpIiZ2q38R6NbUr/U531XVzqLaivLK3H8Ss4Ju7w6Kzj3mPLy9agv2yxR5qPRf80g8DkyWkk6nz50Y4EPvVyv4lg9/5PQWXAkr39WWHBe19xrgTEZSjaSNIP5VuHcWrZY6gCfUVzg8DXqavvtV7ue5LAiIn+KPWpfxTDVW6FDJ00cqy9n9iNxaxaxIGKwh/eIQxXnoZ1FRr3aQ3AAITnuxM/wC0CkYHAGy2dGIP09CKZxOAlmYGCxkxtPWKiPxLGtW/0OjqOr6fqEm1Uv2+5ahRjrRsXDD723YjNnEhYUaLb1OYb/KqjsYiE3LDJmulgVBML4SJBPqDTWHuC24VlPLxcz6dBVvj+G27h+0Wvf3fLp4udwR9Y56867vnRUPmd19BY+o+Xp/gt+L4627XWuBsOqJkhdrjQOm8fjXL1WtTew2YQzMRMwSSPWov2BK4Z/E8PZJmkusgxu3hEGyifShcw4bcAnzqQaA9DXh/Ml7s5ecvcYXCDaBH0o/si9BT4FFlPSjm/cXOXuNDDL0FKOGB5ClqD0/XwpWU0uT9xW/caOHXoPlSDYHSniI5D60eU9KLYW/cbGGHQUO4A/Qp0p6URFKxWxHdUsJ1pQB6j6UWXzH05UBsGTzH1pQA6/3oivnSlXo36+FOh8Qz57+fTp5UqRoI/Wp/Oi7sbyY5+Z3oioHU8/Lp+vSlRNCgPI/I0vKByP8Aj500oU89en/7SxZHU8/kNZP65UqJcRyRrv8AGhbYTB/CPnREL5/r9ClIoJ3JOuv110023/KgjiGXAjT6ijLj6/rlRMBOu2+/y5edGQoMafOlsXEeW4BHhB+J1+XpQ7wAGFHzO3SmAV66/HrPTTajzjrr5UBwHje/lUf8qDXBtA25Ax6600HHX9TSi3Q/T5UtkuIYudAPkZ/vRF/r5D86XAkyenLT/HOiJidZ+Hn+vpRsKsNHPX6D8aI3T1/t/alyNfgJ10Py5wdKaV/M/h+t6NhwHVut94/Tl8KJr7RALfP5nai70amZPT4xv5k86RcuDr8v8+p+Xxo2HEMO4mGPx/xvTLu/WkteEjmDv+FE76fkP1+jQky1jCv2w6lWG/OTI+NReGK9hwFcgToev5GnCaavKWESBPrOnPlXX02eWGad6N8a1xb0bbs/gbOMLtdDoBEG2QC7czBBEfDmNatMX2Z4ehg3rg0mGuJP/wARWCw3FcRbUItzKP5UExz1k/PyGugpH22/J/fxryRB8fd3qc8vmzclSs9bA+hhFKSt/YjOvr60ak9TRUKyPKFyf1+vOkdIoUKBeQyp6UgsZo6FA7Ez8POgGPWhQpj8Cw3wHpRL5fjQoUiRJJmhPrR0KBigaUbk8z86FCgKDB9Y+nOlKg3kz0/H60KFIh96E5RyFLEdNNdzzOm80dCkLyOBVMEDb1olP8MydNJoUKZC239BVs6jQ+en6FGUGmn5em1ChUkOTAB0+P8AmlZQfWhQpCsWtoch5/T1py3G525xvvy6UdCiibsCPp4l/HTrPL0/IUoroDyP4cvx+PrQoU2JuxhkA/X5+gpHc8yuh2+k6xtrQoUFpvjYbWhz59Z9aNkjofgfxoqFIm2NkGYyj9cqMkjl86OhQaX2GwOXxGnwpBAnn/ny0oUKaLTBbUlttD6/2FJObkPnR0KotM//2Q==', 1, 1, 60, 1);
INSERT INTO products (id, title, slug, description, price_cents, image, category_id, active, stock, featured) VALUES (11, 'Minecraft Java Edition Key', 'minecraft-java-key', 'Key bản quyền Minecraft Java Edition.', 690000, 'https://images-cdn.ubuy.com.ps/65c85070bb5d9769725dd533-minecraft-java-edition-key-pc.jpg', 1, 1, 40, 1);
INSERT INTO products (id, title, slug, description, price_cents, image, category_id, active, stock, featured) VALUES (12, 'Ubisoft Wallet €20', 'ubisoft-wallet-20-eur', 'Nạp ví Ubisoft €20.', 560000, 'https://encrypted-tbn0.gstatic.com/images?q=tbn:ANd9GcRsErpY5adNdCStul3OYc1laJTaKJ9TV4jcTA&s', NULL, 1, 70, 1);
INSERT INTO products (id, title, slug, description, price_cents, image, category_id, active, stock, featured) VALUES (13, 'Spotify Premium 6 tháng', 'spotify-premium-3m', 'Gói Spotify Premium thời hạn 6 tháng.', 4000000, 'data:image/jpeg;base64,/9j/4AAQSkZJRgABAQAAAQABAAD/2wCEAAkGBw4QDRANDhEOFQ8QFhcSEBgQEBAVDxcVFRIWFhYVFRcZHDQsGBolHBUWITEhJSkrLi4wFx8zODM4NygtMCsBCgoKDg0OGhAQGjAlICUtLTUtLSstLS0tLS0tLS0tLS0rLS0rLS0tLS0tLS0tLS0tLS0tLS0tLS0tLS0tLS0tLf/AABEIAOEA4QMBEQACEQEDEQH/xAAcAAEAAgMBAQEAAAAAAAAAAAAABQYDBAcBAgj/xABGEAABAwIEAwUEBQcKBwAAAAABAAIDBBEFBhIhBxMxIkFRYXEUMpGhFVJigbEjJJKis9HhMzU2QnSTwcLD8BYXU2Nyc4L/xAAaAQEAAwEBAQAAAAAAAAAAAAAAAQIDBAUG/8QAMhEBAAICAQMCBAQFBAMAAAAAAAECAxEEEiExE0EFIjJRFDOBoSNSYXGRFSQ08EJysf/aAAwDAQACEQMRAD8AuC4Xy7xAQEBAQEBAQEBAQEBAQEBAQEBAQEBAQEBAQEBAQEBAQEBAQEBAQEBAQEBAQEBAQEBAQEBAQEBAQEBAQEBAQEBAQEBAQEBAQEBAQEBAQEBAQEBAQEBAQEBAQEBAQEBAQEBAQEBAQEBAQEBAQEBAQEBAQEBAQEBAQEBAQEBAQEBAQEBAQEBAQEBAQEBAQEBAQEBAQEBAQEBAQEBAQEBAQEBAQEBAQEBAQEBAQEBAQe2RGyyGyyGyyGyyGyyGyyGyyGyyGyyGyyGyyGyyGyyGyyGyyGyyGyyGyyGyyGyyGyyGyyGyyGyyGyyGyyGyyGyyG4eogQEBAQEBAQEBAQEBAQEBAQEBAQEBAQEBAQEBAQEBAQEBAQEBAQEBAQEBAQEBAQEBAQEBAQEBAQEBAQEBAQatdiNPANU8sUY/7j2t+FzupiJnwvXHe/0xtFHOmFA29sh/WI+NlPRb7Nfwmb+VI0GM0lRtBPBIfBkjS74dVExMeWd8N6fVEt5QzEBAQEBAQEBAQEBAQEBAQEBAQEBAQEBB8ySNa0vcQGtBLiTYADqSe4IREzOocozfxKke50GHHTGNjKR23f8AgD7o8+vouiuL7vY4/ArEdWTz9nOp5nyOL5HOc89XPcXOPqT1Wz0YiIjUMaJetcQQQSCNwRsR6ILtlXiLVUxbHVF00HS7jedvm1x970PxWVsUT4cOfg0yd69pdiw2vhqIWTwPD43i7SPwI7iO8HoueY12l4t8dqW6bNlQqgM3Zqgw6JrpAXyyX5bGkAm1rknubv1V6U6nRx+NbNPbwp44o1DdL5qAiJ3Q63i48iWWK09KPaXbPw+k9osvuX8airaZtTCHhjriz22cCNiPP1CytXU6efmwzit0yklVkICAgrmbc3w4cYhLHK/mhxby9O2nTe9z9oK9aTZ08fi2zb1Phs5rqKtuHyvoWk1FhpAaHOAJGotB6kC+yU1vurx60nJEX8IrL2MVsOES1mJtfzItbmhzQyVzBbTqFtiXEjp0sVaYibahtlxY7Zopinyhst5uxmsnjeKaL2N0oZI5sb+y0kXIdq3IB62U2pWIb5uLgx1mOr5nSFi8sQEBAQEBAQEBByri1mZxf9Gwu7LbOqCO8mxbH6DYn1HgujFXtt63A48RHqW/Rz+hwmqn/kIJpB0uyNzm/ECwWszEPRvkpT6p0l48h4s7cUr/AP6khb+LlX1K/djPLwx/5PX5Cxcb+yu+6SE/g5PUr9yOXh/mRdbgVbBczU1QwDqXRv0/pWspi0T7ta5aW8TCOVmi48NszOpKsQSO/Nqhwa652Y87NePkD5eizyV3Dj5nHjLTceYdxXK8FzPi3hVQZaeuiYXxxN0vAaXBpD9QLh9U3t9y3xTHh6vw/JXU0lnoOJ9FMzlVsD2Bws+wEsH3jrbysVE4rR4Vv8PyVndLMnEDEmxYRTSYbLoiMrWMNO4tGjlydm48x08QopG7fMjiUm2eYyx317ojC8Jx3EaWOc1joow3TCDJK1z9O2txbubke8bnysrTalZ1ptfLx8Funp3Pu3siZmrI65+E4i4ue3UGOebvDmDUWl39ZpaCQT/il6RrdVOVx6WxxkxtKXGMTxmskgoJTDSxb6g5zOzewc9zdyXWJDR/FNVpHdeMWLjUi2SNyxVlRjGCSxyTTmoppDbtPe9htuW9rdjrbi38FOq38JiuDkxMVjUwjOJjZXzxVhl101U3mUrdTjoboj1CxFm3J6BTj1EaacLUVmmu8eVknw3FaHDa6eorHvJjj5JZNMXMPNbcjUBp2NtlXdZtERDn9TDky1rWvuiaptbVZdZUmoeWxPlNRzJJC6RpewMb9qxv16KY1F9NazjpyenXnWmhguF4t9GPraSqeyni1kxslla/sntkNAt59e5WtNerUtMuTD6sUvXvLofD7H/acMEk77yU+pkznE3IaNQeSevZI38QVjkrq3Z5vLwdGXVY7T4QfDquq66vqqySaf2Zl9EZe7lB0hOlum9uy0H4hWvEVjTfmUpixxWI7ukrF5ggICAgICDHUzCON8jvdY0uPo0XP4KYTWvVMRD80V1U6aaSd/vyuc93q4kn8V2R2jT6itYrERDqsPFGhjp42Mgn1NaBoaGNjbYWsHX6fcsPSmZeTb4fe1pmZaEnFx9+xRsA+1OSfk1T6P8AVePhse9v2eN4uSd9HGfSZw/yqfRj7n+mV/m/ZLUHFWifZs0U8d+pGl7B8N/kqzhllf4dkiPllJy4TguLML4+S5/UvhOidt/rDr+kFXqtSe7P1ORx51P7uRZswX2GtkpQ8PDbOaehs4AgOHcQuittxt7GDL6tIs7jk/ETU4dTTk3c5gDz9pnYcfi0rlvGraeDyadGW0IvNOd46Crip5IZXMeNUjxtYHYaAff899latOqG2DhzlpNolA5qxnL9TSSvHKdUOaeUWQvZPrt2bnSNr9b7K1a3iW+DHyqXiJ8e/dTjHIMv6nA8t1Y0xX6G0Dw4jyuLfcVpP1u3dfxOo86XzJeeKBuHxQ1EoilgYGODmuIcG7BzSBvcW263Wd8dtzMPP5PEyTkm1Y3Eq/gROJ5ikq4muEI1OcSOjRDymX+0TY29fBXn5aal1ZNYONFbeXmQsXjwqrqqOvvHqLQXaSQ1zNVr2F9Lg64P71F464iYRy8U56VtTu2+JeZqasihoaJ3NeZA4ljXWvYtaxtxuSXd3gmOs17ypwuPfHM3v2aHEqgfT0mFQP6xRPY4jpqAjuL+t1OOdzMteHeL3yTH3WnM+YqOrwesbTSa3Mjjc/svFg6VgF7jrsdlnWsxaNuPDgvjz1m0eZQ+Ff0RqPV/7ZqtP5jbJ/zK/wDfZYOFLQcHaCLgySAjuIJGypl+phz51m/RzzFZJsLnxHD2fydQ0MaTf3C4Oa7z7Bc0+vktq6tES9HH0560yT5h0TJjI6Chp4HtPOnBmftvqcAdNvFrSz/d1jknqs8zkzObJMx4hcgVm4nqAgICAgIIrNd/o2tt15Ev7NytXzDbjz/Fr/d+cl2PpHQclT4DFR82t5bqnUQ8Sxvk2v2dDbEWt3+N1leL77ODk15Fr6x+E8eIuDxdmGnlLR9SCFrfgXBZ+leXPHBzz5t+8g4hYNN2ZqeQA/8AUp4Xt+RKn07x4k/BZ6+Lfu+24RlzEdqd0TJT0ELjDJ90bhY/opu9fKJycrD3t3hVczZIq8NBrKaZzomdXsJjnZc2F7HcbgXB7+ivXJFuzqwcumb5bR3UqaZ73F73Oc927i4kuJ8ST1WrtiNdodw4V/zPDf60lv7wrmy/W8Pn/nf4TONS4c8ez1r6Q9+id8YIv0cA43HqFSNx4YYoyx81N/ogKTK2XnSDlCme+9w0VTnj9HXv6K3Xk1p025PKiO//AMfHFDCZZMOggpIXO5czSGQs91gjkGzR0G4+KnHPzdzg5YjLM3n2ZsLyXRT0NIaymtO2JjX7vjkuGgWfpIufVJvMWnUoycvJTJbot22suFYTTUsfKpo2Rs6kN6k+Lid3HzKpNpny5cmW2Sd2nbXxrLlFWW9pha9w2Dt2vA8NTSDbySLTXwti5F8f0yxYNlSgpHa6eBok+s4ue8ehcTb7lM3tPlbLysuSNWluYtg9NVx8mpja9l7i9wQfFpG4PoqxMx4ZY8t8c7rKPpMnYdFDLAyACOcASgvkJcGm4GouuBfwVpvafLW3Ky2mLTPh8YjQYdRYbLFKzTRDd7A6QklzhsDe9y63ekTMyUvly5YmJ+ZoYViEIwmSTA4S4tJDI3X1CQkatQc7fYg2B3UzWerVm18dvWiM8/qq0OD4li2JQ1FfTcmGINEl43MDmtcXaQHbuLiSPAD56RNaV1DrnLi4+KYpO5dSlpI3G7mg93eBa97Ed4WEPI6pZ1CogICAgICDHUwiSN8bvde0tPo4WP4qYTW3TMS/NFdSuhmkgf78TnMd6tNiuyJ3D6etotETCxZNwjDJ2yvxCq5WgjSwPawuBBubkG++1huqXm0fTDDkZMtdenXax2ylGbHXIR3/AJ2R8rBU/iS5f95bv4/wBuUpDpGuMnvJqx8zcBP4kJ/3lf6/4fNVw3p52c7C6xkgHc9zXC/cNbOh9QpjJMfVBHOtWdZa6VfG8VxWGN2GVkkoY22pj9LiRcOb2+rm7DvsrxFfMOrHjxTPqUhXVd0P0Tk/DjTYdTQEWc1gLx4OeS9w+LiuO87tMvnOTfry2lzfiFSNnzBBTvJDZRBG4ttqAc4gkX791tjnVHpcS00482j+rfzDwyggpJqinnm1wsdJaXQWkNFyAWgWNgojLMzqVMXxCb3ito8vrK2e3QYTzapskximEDSHDXpdGXt1E9baSPglse7djPw4vl1Xt22lv+ZlK6Wmhiike+cxh/aAbGZCBa9u0Rfew+9V9KWP+n2iJmZ8NzNGfqWilNOGvmnHvNYQGtJ6BzvHyAKiuOZjbPBwr5a9XiGPLXEKmrJhTSRvhmcbMDyHMcfqh1hZ3kQlscxG05uDbHXq3tkxzPtPR1po5o5LNDS54ILQHN1e71Pglcc2jcGLhWy064lE0/FildMGvp5mRE216mucPMsA6ehKtOGWs/DbRHaX3inFSljlMcEL5WtNi/WGNPmwEEketkjDKKfDrTG7TpKVuYKCtweeqfG+SBu0sZs2QODm2F77EXBBBVYrNbRDOuDJizxWJ7+0ozC8y0NDhEdVTU0wgkmMekvaZC/SSXuceuzbfBTas2vqWuTj5MubptbvpdMKrxUU0VS1pa2VgkAJ3AIvYrOY1OnDkx9F5qrWD5+hqYKudsErRSR8xwc5t3DfYeHurScetOrJwppasb8yjJOLFLytTYJjIXEaC5oAAA7RdbvuRYA9PRT6MtI+G239TapOKFC6nfLI2VkrLAR7Oc6/1HdLeN7J6U7Ut8OyRbUT2+7Fg3FGmmnbDLC+IPcGtfrD2gk2GvYWHnuonFMQtk+HWrXdZ2v6yecICAgIOVcWssuD/pKFt2kBtSB3EbNk9CLA+g8Vvit21L1+ByImPTt59nMlu9MQEGxQ1s0Eglgkex7ehYbH0PiPIqJiJ8q2rW0atG33imJz1UpnqHl8hABJAGwFgAALAeiRGkUpWkar4Wbhrll1XVCokb+bU7g51+j3jdrB8ifL1VMltQ5uZyIx01HmXcVyvBcd4ivmbj8LqcXmDYTELA3eHHSLHzsujFro7va4Wvw89Xju26+PM9aw00seiJ+0m0UbSPBzgb28gkTjr3hWn4TFPVEsWccutw/A4YNWqR1S18rhexcYpBZvkAAPn3qKW6rHGzzm5Ez7a7LPw9y5Sx4fBUmKN88reaXvYHOFzdrW392wt071XJaerTm5ee9ss1ieygZLrattZPVQUntNQbudqJBYXuJc4DxJ2v8AvW14jp1t6HJpSccVm2oSOaKLF66eKpGHPhmj/rR7l1iC0m/eLH4qlZrEa2phthxV6evbLmGnbNmeCOZoLXmDW09D+TBIPkle2NXDbp40zX+qY4yUkYo6eUMaHtl0AgAHSY3kt9LtCrhmZnTD4da02mJn2TOA4XTnAI4zGzTJTa39kXLnMLi4nxv3+SrafnZZclvxHn3c9ys4/QeMDutCf1j+4LW31w9DP+fj/V5W/wBGKb+2O/ZvSPrkr/yp/wDV1TJ7h9E0ZvtyGfJu6wv9byeR+fb+7lmRv5vxn+zD/UXRfzD1uT+Zj/utXBukjNFPMWNMhmLCSATpEbCG+l3FZ5pncOT4je0XiIn2QeXsMg/4nlh0N5UT5nMaQNAIBLdvAE7egVrTPpt82S34SLb76hscaaaNstJI1rQ97ZA8gAEhpZpv421FMM7hX4baZraJdVpz2GnyH4LneRb6pZEQICAg+ZI2uaWuALXCzgRcEHqCO8KSJ1O4cozhw0ka50+HDVGdzET22/8ArJ94eXX1W9csT5exx+fE6rk8/dzqogfG4ska5jx1a9pa4eoK2ejExMbhjRL1rSSAASTsANyfRBd8rcOaqpLZaoOgg62cLTuHg1p90eZ+CytliPDhz86lO1e8uw4dQRU8LIIGBkbBZoHzJ8Se8nqueZ3O3jXvN7dVmyoUUTMOU6ufGqevj5XJiMJdqeQ/8m+7rC3gta3iK6ehh5NK4JpPnuvayeeq3EPAZ6+kjgp9GtsoedbtI0hjx4eLgr0tFZ3Lr4eauK82t9ktluifBQ09PJbXFG1jtJuLgdxUWmJtMsc14vkm0eJU3G8kVkNY6vwiVrHvJc5jiBYu3cG3FnNJ30u6fhpGSNal3YuXjtToyxtkwrAMdmq4qmvquWyE3DYnMufEaWjTY95N1Fr012hF8/HpSa4672z4llWqkx6LEm8r2dhjJu/t2ayx2skXjo0rj5FK8ecfu3+ImAT19JFBT6NTJQ863aRYMePDxcFGO8Vnuz4eauK0zb7JTCsPkjw2Kldp5rIBEbHs6gzT18Lqs23bcMr5InNN48bUvA8kVsOHYhSScnmVIjEVpCW9hxJ1G2y0teJmJduXl47ZaWj2b9HkiV2CHDZ3RtmEjpY3NJcwOv2b7dCLg+qickdW4Z25cRn9SvjSGwzKOPNZ7CahsVIbh2mRrhpPvBgtcX8Nhurzenl0X5PGmevW5bWWsk1tPSYjDJydVVCI4tLyRq7XXbYdoKLZKzMM83Mx3vSY9pWHh3gM9BSSQVGjW6UyDQ7ULFjG9bdbtKpktFp7ObmZ65bxNfs0MIyrVRY7NiL+VyJDIW2fd/bG1xZTN4mmmmTkUtxoxx5e8SMrVWIGmNNy/wAkJA7W/T72i1tvslMd4rHc4XJpiier3XWFtmtB6gAfALJw27zt9ogQEBAQEGrXYfBONM8UUg8JGNd8LjZTuY8L0yXr9M6RTsmYWTf2OC/kCB8AVPXb7tfxWb+ZI0GD0lPvBBBGfFkbWu+IF1EzM+Wd82S31S3lDMQEBAQEBAQEBAQEBAQEBAQEBAQEBAQEBAQEBAQEBAQEBAQEBAQEBAQEBAQEBAQEBAQEBAQEBAQEBAQEBAQEBAQEBAQEBAQEBAQEBAQEBAQEBAQEBAQEBAQEBAQEBAQEBAQEBAQEBAQEBAQEBB5dE6ENCGhDQhoQ0IaENCGhDQhoQ0IaENCGhDQhoQ0IaENCGhDQhoQ0IaENCGhDQhoRIg8QEBAQEBAQEBAQEBAQEBAQEBAQEBAQEBAQEBAQEBAQEBAQEBAQEBAQEBAQEBAQEBAQEBAQEBAQEBAQEBAQEBAQEBAQEBAQEBAQEBAQEBAQEBAQEBAQEBAQEBAQEBAQEBAQEBAQEBAQEBAQEBAQEBAQEBAQEBAQEBAQEBAQEBAQEBAQEBAQEBAQEBAQEBAQEBAQEBAQEBAQEBAQEBAQEBAQEBAQEBAQEBAQEBAQEBAQEBAQEBAQEBAQEBAQEBAQEBAQEBAQEBAQEBB//9k=', NULL, 1, 135, 1);

-- Table: sessions (5 rows)
INSERT INTO sessions (sid, sess, expire) VALUES ('jkna6eZL_7-y5Tx4jL9IpPQIUoE2FfF2', '{"cookie":{"originalMaxAge":86400000,"expires":"2025-11-03T03:54:14.852Z","httpOnly":true,"path":"/"},"csrfSecret":"62YIMpRJi9xG746wqs9K1swl","flash":{}}', '2025-11-03T03:54:14.852Z');
INSERT INTO sessions (sid, sess, expire) VALUES ('L60lFDEKQgqDk1-58J2QmAME98u46wfq', '{"cookie":{"originalMaxAge":86400000,"expires":"2025-11-03T03:54:21.053Z","httpOnly":true,"path":"/"},"csrfSecret":"aU_F0sfmuBC_AcNMKdzeF_PE","flash":{}}', '2025-11-03T03:54:21.053Z');
INSERT INTO sessions (sid, sess, expire) VALUES ('1N-6DnwpQ_1NhPgaIApHQUms04494q8y', '{"cookie":{"originalMaxAge":86400000,"expires":"2025-11-03T04:28:22.447Z","httpOnly":true,"path":"/"},"csrfSecret":"wbq0o26YmDHzH6sVDDfk4LfH","flash":{},"user":{"id":7,"name":"huy","email":"huyhut478@gmail.com","role":"customer"},"cart":{"items":{},"totalQty":0,"totalCents":0}}', '2025-11-03T05:11:11.718Z');
INSERT INTO sessions (sid, sess, expire) VALUES ('xQBzPeOwRX8XbbhWBRhk6Gp0k-pVRAm2', '{"cookie":{"originalMaxAge":86400000,"expires":"2025-11-03T06:11:33.559Z","httpOnly":true,"path":"/"},"csrfSecret":"8I7VZ77EAcGAK8dd3FiMadO9","flash":{},"user":{"id":1,"name":"Admin","email":"admin@safekeys.local","role":"admin"},"cart":{"items":{},"totalQty":0,"totalCents":0}}', '2025-11-03T06:17:56.271Z');
INSERT INTO sessions (sid, sess, expire) VALUES ('lsw8cwb633omHZsbVOcqlh9gfzaCm8tv', '{"cookie":{"originalMaxAge":86400000,"expires":"2025-11-04T02:04:26.351Z","httpOnly":true,"path":"/"},"csrfSecret":"i-1lt9tSNeQqFCTVI1kl7m4N","flash":{},"user":{"id":1,"name":"Admin","email":"admin@safekeys.local","role":"admin"},"cart":{"items":{},"totalQty":0,"totalCents":0}}', '2025-11-04T02:12:39.459Z');

-- Table: settings (15 rows)
INSERT INTO settings (key, value) VALUES ('page_about', 'SafeKeyS – Điểm đến tin cậy cho các sản phẩm số và giải pháp công nghệ! 
 Chúng tôi cung cấp các sản phẩm chất lượng cao như tài khoản premium, dịch vụ giải trí trực tuyến. 
 SafeKeyS cam kết mang đến trải nghiệm mua sắm an toàn, tiện lợi với dịch vụ hỗ trợ tận tâm. 
 Hãy khám phá thế giới số với SafeKeyS ngay hôm nay!');
INSERT INTO settings (key, value) VALUES ('page_policy', '1. Chính sách mua hàng: Sản phẩm chính hãng, hoạt động ổn định. 
 Khách hàng đọc kỹ mô tả trước khi mua. 
 Mã sản phẩm gửi qua email/tin nhắn sau thanh toán.

 
 2. Chính sách đổi trả: Đổi trả trong 24h nếu sản phẩm lỗi kỹ thuật. 
 Không đổi trả sản phẩm đã sử dụng hoặc vi phạm điều khoản. 
 
 3. Chính sách bảo mật: Bảo vệ thông tin khách hàng theo pháp luật. 
 Dữ liệu giao dịch được mã hóa, không chia sẻ bên thứ ba. 
 
 4. Điều khoản sử dụng: Tuân thủ điều khoản của SafeKeyS và nhà cung cấp. 
 SafeKeyS không chịu trách nhiệm nếu sử dụng sai mục đích.');
INSERT INTO settings (key, value) VALUES ('page_payment', 'Tại SafeKeyS, chúng tôi cung cấp nhiều phương thức thanh toán linh hoạt, an toàn và tiện lợi để mang lại trải nghiệm mua sắm tốt nhất cho khách hàng:





Chuyển khoản ngân hàng: Thanh toán qua các ngân hàng nội địa như Vietcombank, Techcombank, BIDV, v.v. Thông tin tài khoản sẽ được cung cấp khi xác nhận đơn hàng.



Thanh toán qua ví điện tử: Hỗ trợ các ví phổ biến như Momo, ZaloPay, Viettel Money.



Thanh toán bằng thẻ quốc tế: Chấp nhận Visa, MasterCard với cổng thanh toán bảo mật cao.



Thanh toán COD: Áp dụng cho một số sản phẩm/dịch vụ nhất định (vui lòng kiểm tra trước khi đặt hàng).

Lưu ý:





Mọi giao dịch đều được mã hóa để đảm bảo an toàn tuyệt đối.



Sau khi thanh toán thành công, mã sản phẩm hoặc thông tin tài khoản sẽ được gửi đến khách hàng trong vòng 5-30 phút (tùy thuộc vào phương thức thanh toán và thời gian xử lý).



Nếu gặp vấn đề về thanh toán, vui lòng liên hệ đội ngũ hỗ trợ qua email hỗ trợ hoặc hotline.');
INSERT INTO settings (key, value) VALUES ('page_contact', 'Chúng tôi luôn sẵn sàng hỗ trợ! 
 - Email: support@safekeys.vn 
 - Hotline: 1900 1234 (9:00 - 21:00, Thứ Hai - Chủ Nhật) 
 - Zalo: SafeKeyS Official 
 - Địa chỉ: Tầng 5, Tòa nhà ABC, 123 Nguyễn Văn Cừ, Quận 1, TP. Hồ Chí Minh 
 - Website: www.safekeys.vn 
 - Facebook: SafeKeyS Official 
 - Instagram: @safekeys.vn 
 
 SafeKeyS luôn sẵn lòng giải đáp mọi thắc mắc!');
INSERT INTO settings (key, value) VALUES ('social_facebook', 'https://www.facebook.com/');
INSERT INTO settings (key, value) VALUES ('social_zalo', 'https://zalo.me/pc');
INSERT INTO settings (key, value) VALUES ('social_youtube', 'https://www.youtube.com/');
INSERT INTO settings (key, value) VALUES ('social_facebook_icon', '/img/icons/social_facebook_icon_file_1762134958045.png');
INSERT INTO settings (key, value) VALUES ('social_zalo_icon', '/img/icons/social_zalo_icon_file_1762135236475.png');
INSERT INTO settings (key, value) VALUES ('social_youtube_icon', '/img/icons/social_youtube_icon_file_1762134958045.png');
INSERT INTO settings (key, value) VALUES ('homepage_hero_title', 'SafeKeyS');
INSERT INTO settings (key, value) VALUES ('homepage_hero_subtitle', 'Mua key phần mềm, game nhanh chóng - Uy tín - Nhanh gọn - Hỗ trợ 24/7');
INSERT INTO settings (key, value) VALUES ('homepage_hero_features', 'Thanh toán an toàn • Giao key ngay lập tức • Bảo hành chính hãng');
INSERT INTO settings (key, value) VALUES ('homepage_carousel_title', 'Sản phẩm nổi bật');
INSERT INTO settings (key, value) VALUES ('homepage_carousel_subtitle', 'Khám phá những sản phẩm hot nhất hiện nay');

-- Table: users (4 rows)
INSERT INTO users (id, email, password_hash, name, role, created_at, google_id, avatar, phone, address, updated_at) VALUES (1, 'admin@safekeys.local', '$2b$10$Ca2kEDYmbNbzTh3saI2DJO4jOlLVFTQzjd.Q4BeugbepI2/zZGLg.', 'Admin', 'admin', '2025-09-25 10:47:59', NULL, NULL, NULL, NULL, '2025-09-25 10:47:59');
INSERT INTO users (id, email, password_hash, name, role, created_at, google_id, avatar, phone, address, updated_at) VALUES (2, 'user@safekeys.local', '$2b$10$AEHjE.SORVs1KzKJJO1oSe7ZZ8vaVC7T.5vaTDfbm2eDqghnNAGaa', 'User', 'customer', '2025-09-25 10:47:59', NULL, NULL, NULL, NULL, '2025-09-25 10:47:59');
INSERT INTO users (id, email, password_hash, name, role, created_at, google_id, avatar, phone, address, updated_at) VALUES (7, 'huyhut478@gmail.com', '$2b$10$/9EqPhpm1qDAraYQmcTY5.IR.AWer8KQv3Xa9WaDWVm/GtClzFyBW', 'huy', 'customer', '2025-10-31 07:44:55', NULL, NULL, NULL, NULL, NULL);
INSERT INTO users (id, email, password_hash, name, role, created_at, google_id, avatar, phone, address, updated_at) VALUES (8, 'lnmthuong0110@gmail.com', '$2b$10$42/feyXIVlpIx.juqhcpi.iJSzv43tKv4vw7NsoDL8TP..uegqJ1m', 'aleyy', 'customer', '2025-10-31 08:01:45', NULL, NULL, NULL, NULL, NULL);

-- Table: wishlist (1 rows)
INSERT INTO wishlist (id, user_id, product_id, created_at) VALUES (2, 2, 13, '2025-10-31 06:06:19');


-- ============================================
-- Re-enable foreign key checks
-- ============================================
SET session_replication_role = DEFAULT;
